CCS PCH C Compiler, Version 5.015, 5967               19-Aug-26 16:39

               Filename:   C:\Users\IT720193\Downloads\PROJECT_FINAL 10\PROJECT_FINAL 10\PROJECT_FINAL\main.lst

               ROM used:   5290 bytes (5%)
                           Largest free fragment is 60242
               RAM used:   103 (3%) at main() level
                           146 (4%) worst case
               Stack used: 9 locations (5 in main + 4 for interrupts)
               Stack size: 31

*
00000:  GOTO   1444
*
00008:  GOTO   00AE
0000C:  NOP   
0000E:  NOP   
00010:  NOP   
00012:  NOP   
00014:  NOP   
00016:  NOP   
00018:  MOVWF  04
0001A:  MOVFF  FD8,05
0001E:  MOVFF  FE0,06
00022:  MOVLB  0
00024:  MOVFF  FE9,0C
00028:  MOVFF  FEA,07
0002C:  MOVFF  FE1,08
00030:  MOVFF  FE2,09
00034:  MOVFF  FD9,0A
00038:  MOVFF  FDA,0B
0003C:  MOVFF  FF3,12
00040:  MOVFF  FF4,13
00044:  MOVFF  FFA,14
00048:  MOVFF  FFB,15
0004C:  MOVFF  00,0E
00050:  MOVFF  01,0F
00054:  MOVFF  02,10
00058:  MOVFF  03,11
0005C:  BTFSS  FF2.5
0005E:  GOTO   0068
00062:  BTFSC  FF2.2
00064:  GOTO   0252
00068:  MOVFF  0E,00
0006C:  MOVFF  0F,01
00070:  MOVFF  10,02
00074:  MOVFF  11,03
00078:  MOVFF  0C,FE9
0007C:  MOVFF  07,FEA
00080:  BSF    07.7
00082:  MOVFF  08,FE1
00086:  MOVFF  09,FE2
0008A:  MOVFF  0A,FD9
0008E:  MOVFF  0B,FDA
00092:  MOVFF  12,FF3
00096:  MOVFF  13,FF4
0009A:  MOVFF  14,FFA
0009E:  MOVFF  15,FFB
000A2:  MOVF   04,W
000A4:  MOVFF  06,FE0
000A8:  MOVFF  05,FD8
000AC:  RETFIE 0
000AE:  MOVWF  18
000B0:  MOVFF  FD8,19
000B4:  MOVFF  FE0,1A
000B8:  MOVLB  0
000BA:  MOVFF  FE9,20
000BE:  MOVFF  FEA,1B
000C2:  MOVFF  FE1,1C
000C6:  MOVFF  FE2,1D
000CA:  MOVFF  FD9,1E
000CE:  MOVFF  FDA,1F
000D2:  MOVFF  FF3,26
000D6:  MOVFF  FF4,27
000DA:  MOVFF  FFA,28
000DE:  MOVFF  FFB,29
000E2:  MOVFF  00,22
000E6:  MOVFF  01,23
000EA:  MOVFF  02,24
000EE:  MOVFF  03,25
000F2:  BTFSS  F9D.0
000F4:  GOTO   00FE
000F8:  BTFSC  F9E.0
000FA:  GOTO   0360
000FE:  MOVFF  22,00
00102:  MOVFF  23,01
00106:  MOVFF  24,02
0010A:  MOVFF  25,03
0010E:  MOVFF  20,FE9
00112:  MOVFF  1B,FEA
00116:  BSF    1B.7
00118:  MOVFF  1C,FE1
0011C:  MOVFF  1D,FE2
00120:  MOVFF  1E,FD9
00124:  MOVFF  1F,FDA
00128:  MOVFF  26,FF3
0012C:  MOVFF  27,FF4
00130:  MOVFF  28,FFA
00134:  MOVFF  29,FFB
00138:  MOVF   18,W
0013A:  MOVFF  1A,FE0
0013E:  MOVFF  19,FD8
00142:  RETFIE 0
.................... #include "main.h" 
.................... #ifndef MAIN_H 
.................... #define MAIN_H 
....................  
.................... #include <18F2685.h> 
.................... //////////// Standard Header file for the PIC18F2685 device //////////////// 
.................... /////////////////////////////////////////////////////////////////////////// 
.................... ////        (C) Copyright 1996, 2013 Custom Computer Services          //// 
.................... //// This source code may only be used by licensed users of the CCS C  //// 
.................... //// compiler.  This source code may only be distributed to other      //// 
.................... //// licensed users of the CCS C compiler.  No other use, reproduction //// 
.................... //// or distribution is permitted without written permission.          //// 
.................... //// Derivative programs created using this software in object code    //// 
.................... //// form are not restricted in any way.                               //// 
.................... /////////////////////////////////////////////////////////////////////////// 
.................... #device PIC18F2685 
00144:  MOVF   x8C,W
00146:  ANDLW  07
00148:  MOVWF  00
0014A:  RRCF   x8C,W
0014C:  MOVWF  01
0014E:  RRCF   01,F
00150:  RRCF   01,F
00152:  MOVLW  1F
00154:  ANDWF  01,F
00156:  MOVF   01,W
00158:  ADDWF  x8E,W
0015A:  MOVWF  FE9
0015C:  MOVLW  00
0015E:  ADDWFC x8F,W
00160:  MOVWF  FEA
00162:  CLRF   01
00164:  INCF   01,F
00166:  INCF   00,F
00168:  BRA    016C
0016A:  RLCF   01,F
0016C:  DECFSZ 00,F
0016E:  BRA    016A
00170:  MOVF   x8D,F
00172:  BZ    017A
00174:  MOVF   01,W
00176:  IORWF  FEF,F
00178:  BRA    0180
0017A:  COMF   01,F
0017C:  MOVF   01,W
0017E:  ANDWF  FEF,F
00180:  RETURN 0
00182:  MOVF   x8C,W
00184:  ANDLW  07
00186:  MOVWF  00
00188:  RRCF   x8C,W
0018A:  MOVWF  01
0018C:  RRCF   01,F
0018E:  RRCF   01,F
00190:  MOVLW  1F
00192:  ANDWF  01,F
00194:  MOVF   01,W
00196:  ADDWF  x8D,W
00198:  MOVWF  FE9
0019A:  MOVLW  00
0019C:  ADDWFC x8E,W
0019E:  MOVWF  FEA
001A0:  MOVFF  FEF,01
001A4:  INCF   00,F
001A6:  BRA    01AA
001A8:  RRCF   01,F
001AA:  DECFSZ 00,F
001AC:  BRA    01A8
001AE:  GOTO   01D2 (RETURN)
*
0066E:  CLRF   x7A
00670:  CLRF   x7B
00672:  MOVLW  01
00674:  MOVWF  x7C
00676:  CLRF   FDA
00678:  CLRF   FD9
0067A:  CLRF   x7F
0067C:  MOVLW  72
0067E:  MOVWF  x7E
00680:  CLRF   FEA
00682:  MOVLW  76
00684:  MOVWF  FE9
00686:  MOVFF  7F,FE2
0068A:  MOVFF  7E,FE1
0068E:  MOVFF  7C,7D
00692:  BCF    FD8.0
00694:  MOVF   FE5,W
00696:  MULWF  FEE
00698:  MOVF   FF3,W
0069A:  ADDWFC x7A,F
0069C:  MOVF   FF4,W
0069E:  ADDWFC x7B,F
006A0:  DECFSZ x7D,F
006A2:  BRA    0692
006A4:  MOVFF  7A,FDE
006A8:  MOVFF  7B,7A
006AC:  CLRF   x7B
006AE:  BTFSC  FD8.0
006B0:  INCF   x7B,F
006B2:  INCF   x7E,F
006B4:  BTFSC  FD8.2
006B6:  INCF   x7F,F
006B8:  INCF   x7C,F
006BA:  MOVF   x7C,W
006BC:  SUBLW  05
006BE:  BNZ   0680
006C0:  GOTO   081E (RETURN)
006C4:  BTFSC  FD8.1
006C6:  BRA    06CE
006C8:  CLRF   FEA
006CA:  MOVLW  7A
006CC:  MOVWF  FE9
006CE:  CLRF   00
006D0:  CLRF   01
006D2:  CLRF   02
006D4:  CLRF   03
006D6:  CLRF   x7A
006D8:  CLRF   x7B
006DA:  CLRF   x7C
006DC:  CLRF   x7D
006DE:  MOVF   x79,W
006E0:  IORWF  x78,W
006E2:  IORWF  x77,W
006E4:  IORWF  x76,W
006E6:  BZ    0740
006E8:  MOVLW  20
006EA:  MOVWF  x7E
006EC:  BCF    FD8.0
006EE:  RLCF   x72,F
006F0:  RLCF   x73,F
006F2:  RLCF   x74,F
006F4:  RLCF   x75,F
006F6:  RLCF   x7A,F
006F8:  RLCF   x7B,F
006FA:  RLCF   x7C,F
006FC:  RLCF   x7D,F
006FE:  MOVF   x79,W
00700:  SUBWF  x7D,W
00702:  BNZ   0714
00704:  MOVF   x78,W
00706:  SUBWF  x7C,W
00708:  BNZ   0714
0070A:  MOVF   x77,W
0070C:  SUBWF  x7B,W
0070E:  BNZ   0714
00710:  MOVF   x76,W
00712:  SUBWF  x7A,W
00714:  BNC   0734
00716:  MOVF   x76,W
00718:  SUBWF  x7A,F
0071A:  MOVF   x77,W
0071C:  BTFSS  FD8.0
0071E:  INCFSZ x77,W
00720:  SUBWF  x7B,F
00722:  MOVF   x78,W
00724:  BTFSS  FD8.0
00726:  INCFSZ x78,W
00728:  SUBWF  x7C,F
0072A:  MOVF   x79,W
0072C:  BTFSS  FD8.0
0072E:  INCFSZ x79,W
00730:  SUBWF  x7D,F
00732:  BSF    FD8.0
00734:  RLCF   00,F
00736:  RLCF   01,F
00738:  RLCF   02,F
0073A:  RLCF   03,F
0073C:  DECFSZ x7E,F
0073E:  BRA    06EC
00740:  MOVFF  7A,FEF
00744:  MOVFF  7B,FEC
00748:  MOVFF  7C,FEC
0074C:  MOVFF  7D,FEC
00750:  GOTO   084C (RETURN)
00754:  CLRF   01
00756:  CLRF   02
00758:  CLRF   00
0075A:  CLRF   03
0075C:  MOVF   x75,W
0075E:  BNZ   0764
00760:  MOVF   x74,W
00762:  BZ    0794
00764:  MOVLW  10
00766:  MOVWF  x76
00768:  BCF    FD8.0
0076A:  RLCF   x72,F
0076C:  RLCF   x73,F
0076E:  RLCF   00,F
00770:  RLCF   03,F
00772:  MOVF   x75,W
00774:  SUBWF  03,W
00776:  BNZ   077C
00778:  MOVF   x74,W
0077A:  SUBWF  00,W
0077C:  BNC   078C
0077E:  MOVF   x74,W
00780:  SUBWF  00,F
00782:  BTFSS  FD8.0
00784:  DECF   03,F
00786:  MOVF   x75,W
00788:  SUBWF  03,F
0078A:  BSF    FD8.0
0078C:  RLCF   01,F
0078E:  RLCF   02,F
00790:  DECFSZ x76,F
00792:  BRA    0768
00794:  GOTO   07E0 (RETURN)
....................  
.................... #list 
....................  
.................... #device HIGH_INTS=TRUE 
.................... //#include <stdio.h> 
....................  
.................... #fuses INTRC_IO, NOWDT, NOLVP, NOBROWNOUT 
.................... #use delay(internal=32MHz)     //Fosc = 32MHz 
*
00AFA:  CLRF   FEA
00AFC:  MOVLW  6B
00AFE:  MOVWF  FE9
00B00:  MOVF   FEF,W
00B02:  BZ    0B1E
00B04:  MOVLW  0A
00B06:  MOVWF  01
00B08:  CLRF   00
00B0A:  DECFSZ 00,F
00B0C:  BRA    0B0A
00B0E:  DECFSZ 01,F
00B10:  BRA    0B08
00B12:  MOVLW  5F
00B14:  MOVWF  00
00B16:  DECFSZ 00,F
00B18:  BRA    0B16
00B1A:  DECFSZ FEF,F
00B1C:  BRA    0B04
00B1E:  GOTO   0B9A (RETURN)
....................  
.................... //#use rs232(baud=9600, xmit=PIN_C6, rcv=PIN_C7) 
....................  
.................... //define GPIO PIN_OUT 
.................... #define     IR0_SENSOR        PIN_C1      //phai 
.................... #define     IR1_SENSOR        PIN_C2      //giua 
.................... #define     IR2_SENSOR        PIN_C4      //trai 
.................... #define     PI_SENSOR         PIN_A3 
.................... #define     BUTTON            PIN_C6 
.................... #define     MOTOR1            PIN_C7 
.................... #define     MOTOR2            PIN_B5 
.................... #define     SERVO             PIN_A2 
.................... #define     LED_RED           PIN_A0 
.................... #define     LED_GREEN         PIN_A1 
.................... #define     ANT2              PIN_B0 
.................... #define     ANT1              PIN_B1 
.................... #define     BNT2              PIN_B3 
.................... #define     BNT1              PIN_B4 
.................... #define     STBY              PIN_B2 
....................  
.................... #define     LINE_BLACK              1 
.................... #define     LINE_WHITE              0 
.................... #define     PI_BLOCKED              1 
.................... #define     PI_UNBLOCKED            0 
.................... #define     SERVO_PERIOD_TICK       400 
.................... #define     MOTOR_MAX_DUTY          10 
.................... #define     MOTOR_DUTY_FORWARD_3    6 
.................... #define     MOTOR_DUTY_FORWARD_2    2 
.................... #define     MOTOR_DUTY_FORWARD_1    1 
.................... #define     MOTOR_DUTY_BACKWARD     5 
.................... #define     MOTOR_DUTY_TURNRIGHT    4   
.................... #define     PI_CONFIRM_TIME         1000 //1s 
.................... #define     LINE_ERR_TIMEOUT        3000 //1s 
.................... #define     TIME_FORWARD_MAX        50   //0.2s 
.................... #define     TIME_RUN_MAX            3000 //10s 
.................... #define     REVERSE_TIMEOUT         1000//1s    
.................... #define     TURNRIGHT_MIN_TIME      500 //0.5s 
....................  
.................... extern volatile int16 pickup_timeout; 
.................... extern volatile int16 drop_timeout; 
.................... //MOTOR state 
.................... typedef enum Motor_Direct { 
....................    M_FORWARD, 
....................    M_BACKWARD, 
....................    M_STOP, 
....................    M_TURNRIGHT 
.................... } MotorDirect_t; 
....................  
.................... //State machine 
....................  
.................... typedef enum FSM { 
....................    STATE_INITIALIZE, 
....................    STATE_LINE_FOLLOWING, 
....................    STATE_PICK_BALL, 
....................    STATE_REVERSE, 
....................    STATE_TURN_RIGHT, 
....................    STATE_DROP_BALL, 
....................    STATE_OUT_LINE, 
....................    STATE_CHECK_POINT, 
....................    STATE_RETURN_TO_START 
.................... }RobotState_t; 
....................  
....................  
.................... typedef struct { 
....................     RobotState_t current; 
.................... } State_t; 
....................  
.................... typedef struct { 
....................     int8 S0, S1, S2;      // IR 
....................     int8 PI_state; 
....................     int8 btn_checkpoint; 
....................     int8 ir_last_state; 
.................... } Input_t; 
....................  
.................... typedef struct { 
....................     int32 t_err;         
....................     int32 t_pickup;       
....................     int32 t_reverse;        
....................     int32 t_turnright; 
....................     int32 t_dropball;         
....................     int32 t_servo_pulse;    
....................     int32 t_pi; 
....................     int32 t_run; 
....................     int32 t_forward; 
.................... } Timing_t; 
....................  
.................... typedef struct { 
....................     int1 pick_ball; 
....................     int1 drop_ball; 
....................     int1 pick_turn_flag; 
....................     int1 drop_turn_flag; 
....................     int1 round; 
....................     int1 servo_done; 
....................     int1 forward_flag; 
.................... } Flags_t; 
....................  
.................... typedef struct { 
....................    State_t state; 
....................    Input_t input; 
....................    Timing_t time; 
....................    Flags_t flag; 
.................... } RobotContext_t; 
....................  
....................  
.................... typedef enum IR { 
....................    IR_LEFT, 
....................    IR_CENTER, 
....................    IR_RIGHT 
.................... }IR_t; 
....................  
.................... extern volatile RobotContext_t ctx; 
....................  
.................... //PWM variable 
.................... extern volatile int8 left_duty, right_duty; 
.................... extern volatile unsigned int16 servo_duty; 
.................... extern volatile int8 pwm_motor_count; 
.................... extern volatile unsigned int16 pwm_servo_count; 
....................  
.................... extern volatile int8  g_S0, g_S1, g_S2, g_PI; 
.................... extern volatile int8  g_button_checkpoint; 
....................  
.................... //Function Driver layer 
.................... void timer0_init (); 
.................... void timer1_init (); 
.................... void Interrupt_Init(void); 
.................... void Timer0_isr(); 
.................... void Timer1_isr(); 
.................... void Motor_Init(void); 
.................... void Motor_Direct(MotorDirect_t direct); 
.................... void Motor_SetLeftDuty(int8 duty); 
.................... void Motor_SetRightDuty(int8 duty); 
.................... void Servo_Init(); 
.................... void Servo_SetPulse(int16 pulse_us); 
.................... void GPIO_WritePin(int8 pin, int1 value); 
.................... void LED_Init(void); 
.................... void LED_Green_On(void); 
.................... void LED_Green_Off(void); 
.................... void LED_Red_Toggle(void); 
.................... void LED_Red_Off(void); 
.................... void LED_All_Off(void); 
.................... int1 PI_Sensor_Read(void); 
.................... int1 PI_Confirm(RobotContext_t *ctx); 
.................... void IR_Sensor_Read(int1 *s0, int1 *s1, int1 *s2); 
.................... int1 Button_Read(int8 pin); 
.................... void GPIO_Init(void); 
.................... int1 GPIO_ReadPin(int8 pin); 
.................... void Sensor_State_Update(); 
.................... void Motion_Forward(int8 left, int8 right); 
.................... void Motion_Backward(int8 left, int8 right); 
.................... void Motion_TurnRight(void); 
.................... void Motion_Stop(void); 
.................... void ServoService_Rotate(int8 angle); 
....................  
....................  
....................  
....................  
.................... //Function Application layer 
.................... void Function_Initialize(RobotContext_t *ctx); 
.................... void Function_LineFollow(RobotContext_t *ctx); 
.................... void Function_PickBall(RobotContext_t *ctx); 
.................... void Function_Reverse(RobotContext_t *ctx); 
.................... void Function_TurnRight(RobotContext_t *ctx); 
.................... void Function_DropBall(RobotContext_t *ctx); 
.................... void Function_OutLine(RobotContext_t *ctx); 
.................... void Function_Checkpoint(RobotContext_t *ctx); 
.................... void Function_ReturnToStart(RobotContext_t *ctx); 
.................... //void Reset_Flag(RobotContext_t *ctx); 
.................... void App_Init(void); 
.................... void FSM_Run(RobotContext_t *ctx); 
.................... void RobotContext_Init(RobotContext_t *ctx); 
....................  
....................  
.................... #endif 
....................  
.................... #include "global.c" 
.................... volatile RobotContext_t ctx; 
....................  
.................... //initialize input value 
.................... volatile int8 g_S0 = 1; 
.................... volatile int8 g_S1 = 1; 
.................... volatile int8 g_S2 = 1; 
.................... volatile int8 g_PI = 1; 
.................... volatile int8 g_button_checkpoint = 0; 
....................  
.................... //PWM variable 
.................... volatile int8 pwm_motor_count = 0; 
.................... volatile unsigned int16 pwm_servo_count = 0; 
....................  
.................... volatile int8 left_duty = 0; 
.................... volatile int8 right_duty = 0; 
.................... volatile int16 servo_duty = 0; 
....................  
.................... volatile int16 pickup_timeout = 3000; 
.................... volatile int16 drop_timeout = 3000; 
....................  
....................  
....................  
.................... #include "Driver/Timer/timer.c" 
.................... #include "main.h" 
.................... #ifndef MAIN_H 
.................... #define MAIN_H 
....................  
.................... #include <18F2685.h> 
.................... #device HIGH_INTS=TRUE 
.................... //#include <stdio.h> 
....................  
.................... #fuses INTRC_IO, NOWDT, NOLVP, NOBROWNOUT 
.................... #use delay(internal=32MHz)     //Fosc = 32MHz 
....................  
.................... //#use rs232(baud=9600, xmit=PIN_C6, rcv=PIN_C7) 
....................  
.................... //define GPIO PIN_OUT 
.................... #define     IR0_SENSOR        PIN_C1      //phai 
.................... #define     IR1_SENSOR        PIN_C2      //giua 
.................... #define     IR2_SENSOR        PIN_C4      //trai 
.................... #define     PI_SENSOR         PIN_A3 
.................... #define     BUTTON            PIN_C6 
.................... #define     MOTOR1            PIN_C7 
.................... #define     MOTOR2            PIN_B5 
.................... #define     SERVO             PIN_A2 
.................... #define     LED_RED           PIN_A0 
.................... #define     LED_GREEN         PIN_A1 
.................... #define     ANT2              PIN_B0 
.................... #define     ANT1              PIN_B1 
.................... #define     BNT2              PIN_B3 
.................... #define     BNT1              PIN_B4 
.................... #define     STBY              PIN_B2 
....................  
.................... #define     LINE_BLACK              1 
.................... #define     LINE_WHITE              0 
.................... #define     PI_BLOCKED              1 
.................... #define     PI_UNBLOCKED            0 
.................... #define     SERVO_PERIOD_TICK       400 
.................... #define     MOTOR_MAX_DUTY          10 
.................... #define     MOTOR_DUTY_FORWARD_3    6 
.................... #define     MOTOR_DUTY_FORWARD_2    2 
.................... #define     MOTOR_DUTY_FORWARD_1    1 
.................... #define     MOTOR_DUTY_BACKWARD     5 
.................... #define     MOTOR_DUTY_TURNRIGHT    4   
.................... #define     PI_CONFIRM_TIME         1000 //1s 
.................... #define     LINE_ERR_TIMEOUT        3000 //1s 
.................... #define     TIME_FORWARD_MAX        50   //0.2s 
.................... #define     TIME_RUN_MAX            3000 //10s 
.................... #define     REVERSE_TIMEOUT         1000//1s    
.................... #define     TURNRIGHT_MIN_TIME      500 //0.5s 
....................  
.................... extern volatile int16 pickup_timeout; 
.................... extern volatile int16 drop_timeout; 
.................... //MOTOR state 
.................... typedef enum Motor_Direct { 
....................    M_FORWARD, 
....................    M_BACKWARD, 
....................    M_STOP, 
....................    M_TURNRIGHT 
.................... } MotorDirect_t; 
....................  
.................... //State machine 
....................  
.................... typedef enum FSM { 
....................    STATE_INITIALIZE, 
....................    STATE_LINE_FOLLOWING, 
....................    STATE_PICK_BALL, 
....................    STATE_REVERSE, 
....................    STATE_TURN_RIGHT, 
....................    STATE_DROP_BALL, 
....................    STATE_OUT_LINE, 
....................    STATE_CHECK_POINT, 
....................    STATE_RETURN_TO_START 
.................... }RobotState_t; 
....................  
....................  
.................... typedef struct { 
....................     RobotState_t current; 
.................... } State_t; 
....................  
.................... typedef struct { 
....................     int8 S0, S1, S2;      // IR 
....................     int8 PI_state; 
....................     int8 btn_checkpoint; 
....................     int8 ir_last_state; 
.................... } Input_t; 
....................  
.................... typedef struct { 
....................     int32 t_err;         
....................     int32 t_pickup;       
....................     int32 t_reverse;        
....................     int32 t_turnright; 
....................     int32 t_dropball;         
....................     int32 t_servo_pulse;    
....................     int32 t_pi; 
....................     int32 t_run; 
....................     int32 t_forward; 
.................... } Timing_t; 
....................  
.................... typedef struct { 
....................     int1 pick_ball; 
....................     int1 drop_ball; 
....................     int1 pick_turn_flag; 
....................     int1 drop_turn_flag; 
....................     int1 round; 
....................     int1 servo_done; 
....................     int1 forward_flag; 
.................... } Flags_t; 
....................  
.................... typedef struct { 
....................    State_t state; 
....................    Input_t input; 
....................    Timing_t time; 
....................    Flags_t flag; 
.................... } RobotContext_t; 
....................  
....................  
.................... typedef enum IR { 
....................    IR_LEFT, 
....................    IR_CENTER, 
....................    IR_RIGHT 
.................... }IR_t; 
....................  
.................... extern volatile RobotContext_t ctx; 
....................  
.................... //PWM variable 
.................... extern volatile int8 left_duty, right_duty; 
.................... extern volatile unsigned int16 servo_duty; 
.................... extern volatile int8 pwm_motor_count; 
.................... extern volatile unsigned int16 pwm_servo_count; 
....................  
.................... extern volatile int8  g_S0, g_S1, g_S2, g_PI; 
.................... extern volatile int8  g_button_checkpoint; 
....................  
.................... //Function Driver layer 
.................... void timer0_init (); 
.................... void timer1_init (); 
.................... void Interrupt_Init(void); 
.................... void Timer0_isr(); 
.................... void Timer1_isr(); 
.................... void Motor_Init(void); 
.................... void Motor_Direct(MotorDirect_t direct); 
.................... void Motor_SetLeftDuty(int8 duty); 
.................... void Motor_SetRightDuty(int8 duty); 
.................... void Servo_Init(); 
.................... void Servo_SetPulse(int16 pulse_us); 
.................... void GPIO_WritePin(int8 pin, int1 value); 
.................... void LED_Init(void); 
.................... void LED_Green_On(void); 
.................... void LED_Green_Off(void); 
.................... void LED_Red_Toggle(void); 
.................... void LED_Red_Off(void); 
.................... void LED_All_Off(void); 
.................... int1 PI_Sensor_Read(void); 
.................... int1 PI_Confirm(RobotContext_t *ctx); 
.................... void IR_Sensor_Read(int1 *s0, int1 *s1, int1 *s2); 
.................... int1 Button_Read(int8 pin); 
.................... void GPIO_Init(void); 
.................... int1 GPIO_ReadPin(int8 pin); 
.................... void Sensor_State_Update(); 
.................... void Motion_Forward(int8 left, int8 right); 
.................... void Motion_Backward(int8 left, int8 right); 
.................... void Motion_TurnRight(void); 
.................... void Motion_Stop(void); 
.................... void ServoService_Rotate(int8 angle); 
....................  
....................  
....................  
....................  
.................... //Function Application layer 
.................... void Function_Initialize(RobotContext_t *ctx); 
.................... void Function_LineFollow(RobotContext_t *ctx); 
.................... void Function_PickBall(RobotContext_t *ctx); 
.................... void Function_Reverse(RobotContext_t *ctx); 
.................... void Function_TurnRight(RobotContext_t *ctx); 
.................... void Function_DropBall(RobotContext_t *ctx); 
.................... void Function_OutLine(RobotContext_t *ctx); 
.................... void Function_Checkpoint(RobotContext_t *ctx); 
.................... void Function_ReturnToStart(RobotContext_t *ctx); 
.................... //void Reset_Flag(RobotContext_t *ctx); 
.................... void App_Init(void); 
.................... void FSM_Run(RobotContext_t *ctx); 
.................... void RobotContext_Init(RobotContext_t *ctx); 
....................  
....................  
.................... #endif 
....................  
....................  
....................  
.................... void timer0_init (){ 
....................    setup_timer_0(T0_INTERNAL | T0_DIV_16); 
*
00640:  MOVLW  83
00642:  MOVWF  FD5
....................    set_timer0(65536 - 500);  //500.2us = 1ms 
00644:  MOVLW  FE
00646:  MOVWF  FD7
00648:  MOVLW  0C
0064A:  MOVWF  FD6
....................    clear_interrupt(INT_TIMER0); 
0064C:  BCF    FF2.2
0064E:  GOTO   0876 (RETURN)
.................... } 
....................  
.................... void timer1_init (){ 
....................    setup_timer_1(T1_INTERNAL | T1_DIV_BY_8); 
00652:  MOVLW  B5
00654:  MOVWF  FCD
....................    set_timer1(65536 - 10);  //10.1us = 10us => Ftimer = 100kHz 
00656:  SETF   FCF
00658:  MOVLW  F6
0065A:  MOVWF  FCE
....................    clear_interrupt(INT_TIMER1); 
0065C:  BCF    F9E.0
0065E:  GOTO   0878 (RETURN)
.................... } 
....................  
....................  
....................  
....................  
....................  
....................  
.................... #include "Driver/Interrupt/interrupt.c" 
.................... #include "main.h" 
.................... #ifndef MAIN_H 
.................... #define MAIN_H 
....................  
.................... #include <18F2685.h> 
.................... #device HIGH_INTS=TRUE 
.................... //#include <stdio.h> 
....................  
.................... #fuses INTRC_IO, NOWDT, NOLVP, NOBROWNOUT 
.................... #use delay(internal=32MHz)     //Fosc = 32MHz 
....................  
.................... //#use rs232(baud=9600, xmit=PIN_C6, rcv=PIN_C7) 
....................  
.................... //define GPIO PIN_OUT 
.................... #define     IR0_SENSOR        PIN_C1      //phai 
.................... #define     IR1_SENSOR        PIN_C2      //giua 
.................... #define     IR2_SENSOR        PIN_C4      //trai 
.................... #define     PI_SENSOR         PIN_A3 
.................... #define     BUTTON            PIN_C6 
.................... #define     MOTOR1            PIN_C7 
.................... #define     MOTOR2            PIN_B5 
.................... #define     SERVO             PIN_A2 
.................... #define     LED_RED           PIN_A0 
.................... #define     LED_GREEN         PIN_A1 
.................... #define     ANT2              PIN_B0 
.................... #define     ANT1              PIN_B1 
.................... #define     BNT2              PIN_B3 
.................... #define     BNT1              PIN_B4 
.................... #define     STBY              PIN_B2 
....................  
.................... #define     LINE_BLACK              1 
.................... #define     LINE_WHITE              0 
.................... #define     PI_BLOCKED              1 
.................... #define     PI_UNBLOCKED            0 
.................... #define     SERVO_PERIOD_TICK       400 
.................... #define     MOTOR_MAX_DUTY          10 
.................... #define     MOTOR_DUTY_FORWARD_3    6 
.................... #define     MOTOR_DUTY_FORWARD_2    2 
.................... #define     MOTOR_DUTY_FORWARD_1    1 
.................... #define     MOTOR_DUTY_BACKWARD     5 
.................... #define     MOTOR_DUTY_TURNRIGHT    4   
.................... #define     PI_CONFIRM_TIME         1000 //1s 
.................... #define     LINE_ERR_TIMEOUT        3000 //1s 
.................... #define     TIME_FORWARD_MAX        50   //0.2s 
.................... #define     TIME_RUN_MAX            3000 //10s 
.................... #define     REVERSE_TIMEOUT         1000//1s    
.................... #define     TURNRIGHT_MIN_TIME      500 //0.5s 
....................  
.................... extern volatile int16 pickup_timeout; 
.................... extern volatile int16 drop_timeout; 
.................... //MOTOR state 
.................... typedef enum Motor_Direct { 
....................    M_FORWARD, 
....................    M_BACKWARD, 
....................    M_STOP, 
....................    M_TURNRIGHT 
.................... } MotorDirect_t; 
....................  
.................... //State machine 
....................  
.................... typedef enum FSM { 
....................    STATE_INITIALIZE, 
....................    STATE_LINE_FOLLOWING, 
....................    STATE_PICK_BALL, 
....................    STATE_REVERSE, 
....................    STATE_TURN_RIGHT, 
....................    STATE_DROP_BALL, 
....................    STATE_OUT_LINE, 
....................    STATE_CHECK_POINT, 
....................    STATE_RETURN_TO_START 
.................... }RobotState_t; 
....................  
....................  
.................... typedef struct { 
....................     RobotState_t current; 
.................... } State_t; 
....................  
.................... typedef struct { 
....................     int8 S0, S1, S2;      // IR 
....................     int8 PI_state; 
....................     int8 btn_checkpoint; 
....................     int8 ir_last_state; 
.................... } Input_t; 
....................  
.................... typedef struct { 
....................     int32 t_err;         
....................     int32 t_pickup;       
....................     int32 t_reverse;        
....................     int32 t_turnright; 
....................     int32 t_dropball;         
....................     int32 t_servo_pulse;    
....................     int32 t_pi; 
....................     int32 t_run; 
....................     int32 t_forward; 
.................... } Timing_t; 
....................  
.................... typedef struct { 
....................     int1 pick_ball; 
....................     int1 drop_ball; 
....................     int1 pick_turn_flag; 
....................     int1 drop_turn_flag; 
....................     int1 round; 
....................     int1 servo_done; 
....................     int1 forward_flag; 
.................... } Flags_t; 
....................  
.................... typedef struct { 
....................    State_t state; 
....................    Input_t input; 
....................    Timing_t time; 
....................    Flags_t flag; 
.................... } RobotContext_t; 
....................  
....................  
.................... typedef enum IR { 
....................    IR_LEFT, 
....................    IR_CENTER, 
....................    IR_RIGHT 
.................... }IR_t; 
....................  
.................... extern volatile RobotContext_t ctx; 
....................  
.................... //PWM variable 
.................... extern volatile int8 left_duty, right_duty; 
.................... extern volatile unsigned int16 servo_duty; 
.................... extern volatile int8 pwm_motor_count; 
.................... extern volatile unsigned int16 pwm_servo_count; 
....................  
.................... extern volatile int8  g_S0, g_S1, g_S2, g_PI; 
.................... extern volatile int8  g_button_checkpoint; 
....................  
.................... //Function Driver layer 
.................... void timer0_init (); 
.................... void timer1_init (); 
.................... void Interrupt_Init(void); 
.................... void Timer0_isr(); 
.................... void Timer1_isr(); 
.................... void Motor_Init(void); 
.................... void Motor_Direct(MotorDirect_t direct); 
.................... void Motor_SetLeftDuty(int8 duty); 
.................... void Motor_SetRightDuty(int8 duty); 
.................... void Servo_Init(); 
.................... void Servo_SetPulse(int16 pulse_us); 
.................... void GPIO_WritePin(int8 pin, int1 value); 
.................... void LED_Init(void); 
.................... void LED_Green_On(void); 
.................... void LED_Green_Off(void); 
.................... void LED_Red_Toggle(void); 
.................... void LED_Red_Off(void); 
.................... void LED_All_Off(void); 
.................... int1 PI_Sensor_Read(void); 
.................... int1 PI_Confirm(RobotContext_t *ctx); 
.................... void IR_Sensor_Read(int1 *s0, int1 *s1, int1 *s2); 
.................... int1 Button_Read(int8 pin); 
.................... void GPIO_Init(void); 
.................... int1 GPIO_ReadPin(int8 pin); 
.................... void Sensor_State_Update(); 
.................... void Motion_Forward(int8 left, int8 right); 
.................... void Motion_Backward(int8 left, int8 right); 
.................... void Motion_TurnRight(void); 
.................... void Motion_Stop(void); 
.................... void ServoService_Rotate(int8 angle); 
....................  
....................  
....................  
....................  
.................... //Function Application layer 
.................... void Function_Initialize(RobotContext_t *ctx); 
.................... void Function_LineFollow(RobotContext_t *ctx); 
.................... void Function_PickBall(RobotContext_t *ctx); 
.................... void Function_Reverse(RobotContext_t *ctx); 
.................... void Function_TurnRight(RobotContext_t *ctx); 
.................... void Function_DropBall(RobotContext_t *ctx); 
.................... void Function_OutLine(RobotContext_t *ctx); 
.................... void Function_Checkpoint(RobotContext_t *ctx); 
.................... void Function_ReturnToStart(RobotContext_t *ctx); 
.................... //void Reset_Flag(RobotContext_t *ctx); 
.................... void App_Init(void); 
.................... void FSM_Run(RobotContext_t *ctx); 
.................... void RobotContext_Init(RobotContext_t *ctx); 
....................  
....................  
.................... #endif 
....................  
....................  
.................... void Interrupt_Init(void) 
.................... { 
....................     enable_interrupts(INT_TIMER0); 
00662:  BSF    FF2.5
....................     enable_interrupts(INT_TIMER1); 
00664:  BSF    F9D.0
....................     enable_interrupts(GLOBAL); 
00666:  MOVLW  C0
00668:  IORWF  FF2,F
0066A:  GOTO   087A (RETURN)
.................... } 
....................  
....................  
.................... #INT_TIMER0 
.................... void Timer0_isr(){ 
....................    int8 s0, s1, s2; 
....................    set_timer0(65536 - 500); //500.2us = 1ms 
*
00252:  MOVLW  FE
00254:  MOVWF  FD7
00256:  MOVLW  0C
00258:  MOVWF  FD6
....................    IR_Sensor_Read(&s0, &s1, &s2); 
0025A:  CLRF   x84
0025C:  MOVLW  80
0025E:  MOVWF  x83
00260:  CLRF   x86
00262:  MOVLW  81
00264:  MOVWF  x85
00266:  CLRF   x88
00268:  MOVLW  82
0026A:  MOVWF  x87
0026C:  BRA    01DC
....................    g_S0 = s0; 
0026E:  MOVFF  80,62
....................    g_S1 = s1; 
00272:  MOVFF  81,63
....................    g_S2 = s2; 
00276:  MOVFF  82,64
....................    g_PI = PI_Sensor_Read(); 
0027A:  BRA    023A
0027C:  MOVFF  01,65
....................    g_button_checkpoint = Button_Read(BUTTON); 
00280:  MOVLW  16
00282:  MOVWF  x83
00284:  BRA    0246
00286:  MOVFF  01,66
....................    if (g_S0 == LINE_WHITE && g_S1 == LINE_WHITE && g_S2 == LINE_WHITE)  
0028A:  MOVF   x62,F
0028C:  BNZ   02A8
0028E:  MOVF   x63,F
00290:  BNZ   02A8
00292:  MOVF   x64,F
00294:  BNZ   02A8
....................    { 
....................       ctx.time.t_err++; 
00296:  MOVLW  01
00298:  ADDWF  36,F
0029A:  BTFSC  FD8.0
0029C:  INCF   37,F
0029E:  BTFSC  FD8.2
002A0:  INCF   38,F
002A2:  BTFSC  FD8.2
002A4:  INCF   39,F
....................    } else ctx.time.t_err = 0; 
002A6:  BRA    02B0
002A8:  CLRF   39
002AA:  CLRF   38
002AC:  CLRF   37
002AE:  CLRF   36
....................    switch (ctx.state.current)  
002B0:  MOVF   2F,W
002B2:  XORLW  02
002B4:  BZ    02C8
002B6:  XORLW  01
002B8:  BZ    02DA
002BA:  XORLW  06
002BC:  BZ    02EC
002BE:  XORLW  0D
002C0:  BZ    02FE
002C2:  XORLW  0C
002C4:  BZ    032C
002C6:  BRA    033C
....................    { 
....................       case STATE_PICK_BALL: 
....................          ctx.time.t_pickup++; 
002C8:  MOVLW  01
002CA:  ADDWF  3A,F
002CC:  BTFSC  FD8.0
002CE:  INCF   3B,F
002D0:  BTFSC  FD8.2
002D2:  INCF   3C,F
002D4:  BTFSC  FD8.2
002D6:  INCF   3D,F
....................          break; 
002D8:  BRA    033C
....................       case STATE_REVERSE: 
....................          ctx.time.t_reverse++; 
002DA:  MOVLW  01
002DC:  ADDWF  3E,F
002DE:  BTFSC  FD8.0
002E0:  INCF   3F,F
002E2:  BTFSC  FD8.2
002E4:  INCF   40,F
002E6:  BTFSC  FD8.2
002E8:  INCF   41,F
....................          break; 
002EA:  BRA    033C
....................       case STATE_DROP_BALL: 
....................          ctx.time.t_dropball++; 
002EC:  MOVLW  01
002EE:  ADDWF  46,F
002F0:  BTFSC  FD8.0
002F2:  INCF   47,F
002F4:  BTFSC  FD8.2
002F6:  INCF   48,F
002F8:  BTFSC  FD8.2
002FA:  INCF   49,F
....................          break; 
002FC:  BRA    033C
....................       case STATE_RETURN_TO_START: 
....................          ctx.time.t_run++; 
002FE:  MOVLW  01
00300:  ADDWF  52,F
00302:  BTFSC  FD8.0
00304:  INCF   53,F
00306:  BTFSC  FD8.2
00308:  INCF   54,F
0030A:  BTFSC  FD8.2
0030C:  INCF   55,F
....................          if (g_S0 == LINE_BLACK && g_S1 == LINE_BLACK && g_S2 == LINE_BLACK) 
0030E:  DECFSZ x62,W
00310:  BRA    032A
00312:  DECFSZ x63,W
00314:  BRA    032A
00316:  DECFSZ x64,W
00318:  BRA    032A
....................          { 
....................             ctx.time.t_forward++; 
0031A:  MOVLW  01
0031C:  ADDWF  56,F
0031E:  BTFSC  FD8.0
00320:  INCF   57,F
00322:  BTFSC  FD8.2
00324:  INCF   58,F
00326:  BTFSC  FD8.2
00328:  INCF   59,F
....................          } 
....................          break; 
0032A:  BRA    033C
....................       case STATE_TURN_RIGHT: 
....................          ctx.time.t_turnright++; 
0032C:  MOVLW  01
0032E:  ADDWF  42,F
00330:  BTFSC  FD8.0
00332:  INCF   43,F
00334:  BTFSC  FD8.2
00336:  INCF   44,F
00338:  BTFSC  FD8.2
0033A:  INCF   45,F
....................          break; 
....................       default: 
....................        
....................    } 
....................    if (g_PI == PI_UNBLOCKED) 
0033C:  MOVF   x65,F
0033E:  BNZ   0352
....................    { 
....................       ctx.time.t_pi++; 
00340:  MOVLW  01
00342:  ADDWF  4E,F
00344:  BTFSC  FD8.0
00346:  INCF   4F,F
00348:  BTFSC  FD8.2
0034A:  INCF   50,F
0034C:  BTFSC  FD8.2
0034E:  INCF   51,F
....................    } else ctx.time.t_pi = 0; 
00350:  BRA    035A
00352:  CLRF   51
00354:  CLRF   50
00356:  CLRF   4F
00358:  CLRF   4E
.................... } 
....................  
0035A:  BCF    FF2.2
0035C:  GOTO   0068
.................... #INT_TIMER1 HIGH 
....................  
.................... void Timer1_isr(){ 
....................    set_timer1(65536 - 50); 
00360:  SETF   FCF
00362:  MOVLW  CE
00364:  MOVWF  FCE
....................    pwm_motor_count++; 
00366:  INCF   5F,F
....................    pwm_servo_count++; 
00368:  INCF   x60,F
0036A:  BTFSC  FD8.2
0036C:  INCF   x61,F
....................     
....................    if (pwm_motor_count >= 10)  //Fpwm_motor = 100kHz /10 = 10kHz 
0036E:  MOVF   5F,W
00370:  SUBLW  09
00372:  BC    0376
....................    { 
....................       pwm_motor_count = 0; 
00374:  CLRF   5F
....................    } 
....................     
....................    output_bit(MOTOR1, pwm_motor_count < left_duty); 
00376:  MOVF   5B,W
00378:  SUBWF  5F,W
0037A:  BNC   0380
0037C:  BCF    F8B.7
0037E:  BRA    0382
00380:  BSF    F8B.7
00382:  BCF    F94.7
....................    output_bit(MOTOR2, pwm_motor_count < right_duty); 
00384:  MOVF   5C,W
00386:  SUBWF  5F,W
00388:  BNC   038E
0038A:  BCF    F8A.5
0038C:  BRA    0390
0038E:  BSF    F8A.5
00390:  BCF    F93.5
....................    
....................    if (pwm_servo_count >= SERVO_PERIOD_TICK) { 
00392:  MOVF   x61,W
00394:  SUBLW  00
00396:  BC    03A6
00398:  XORLW  FF
0039A:  BNZ   03A2
0039C:  MOVF   x60,W
0039E:  SUBLW  8F
003A0:  BC    03A6
....................       pwm_servo_count = 0; 
003A2:  CLRF   x61
003A4:  CLRF   x60
....................    } 
....................    output_bit(SERVO , pwm_servo_count < servo_duty); 
003A6:  MOVF   x61,W
003A8:  SUBWF  5E,W
003AA:  BNC   03B4
003AC:  BNZ   03B8
003AE:  MOVF   5D,W
003B0:  SUBWF  x60,W
003B2:  BNC   03B8
003B4:  BCF    F89.2
003B6:  BRA    03BA
003B8:  BSF    F89.2
003BA:  BCF    F92.2
.................... } 
....................  
....................  
....................  
....................  
....................  
.................... #include "Driver/Output/motor.c" 
.................... #include "main.h" 
003BC:  BCF    F9E.0
003BE:  GOTO   00FE
.................... #ifndef MAIN_H 
.................... #define MAIN_H 
....................  
.................... #include <18F2685.h> 
.................... #device HIGH_INTS=TRUE 
.................... //#include <stdio.h> 
....................  
.................... #fuses INTRC_IO, NOWDT, NOLVP, NOBROWNOUT 
.................... #use delay(internal=32MHz)     //Fosc = 32MHz 
....................  
.................... //#use rs232(baud=9600, xmit=PIN_C6, rcv=PIN_C7) 
....................  
.................... //define GPIO PIN_OUT 
.................... #define     IR0_SENSOR        PIN_C1      //phai 
.................... #define     IR1_SENSOR        PIN_C2      //giua 
.................... #define     IR2_SENSOR        PIN_C4      //trai 
.................... #define     PI_SENSOR         PIN_A3 
.................... #define     BUTTON            PIN_C6 
.................... #define     MOTOR1            PIN_C7 
.................... #define     MOTOR2            PIN_B5 
.................... #define     SERVO             PIN_A2 
.................... #define     LED_RED           PIN_A0 
.................... #define     LED_GREEN         PIN_A1 
.................... #define     ANT2              PIN_B0 
.................... #define     ANT1              PIN_B1 
.................... #define     BNT2              PIN_B3 
.................... #define     BNT1              PIN_B4 
.................... #define     STBY              PIN_B2 
....................  
.................... #define     LINE_BLACK              1 
.................... #define     LINE_WHITE              0 
.................... #define     PI_BLOCKED              1 
.................... #define     PI_UNBLOCKED            0 
.................... #define     SERVO_PERIOD_TICK       400 
.................... #define     MOTOR_MAX_DUTY          10 
.................... #define     MOTOR_DUTY_FORWARD_3    6 
.................... #define     MOTOR_DUTY_FORWARD_2    2 
.................... #define     MOTOR_DUTY_FORWARD_1    1 
.................... #define     MOTOR_DUTY_BACKWARD     5 
.................... #define     MOTOR_DUTY_TURNRIGHT    4   
.................... #define     PI_CONFIRM_TIME         1000 //1s 
.................... #define     LINE_ERR_TIMEOUT        3000 //1s 
.................... #define     TIME_FORWARD_MAX        50   //0.2s 
.................... #define     TIME_RUN_MAX            3000 //10s 
.................... #define     REVERSE_TIMEOUT         1000//1s    
.................... #define     TURNRIGHT_MIN_TIME      500 //0.5s 
....................  
.................... extern volatile int16 pickup_timeout; 
.................... extern volatile int16 drop_timeout; 
.................... //MOTOR state 
.................... typedef enum Motor_Direct { 
....................    M_FORWARD, 
....................    M_BACKWARD, 
....................    M_STOP, 
....................    M_TURNRIGHT 
.................... } MotorDirect_t; 
....................  
.................... //State machine 
....................  
.................... typedef enum FSM { 
....................    STATE_INITIALIZE, 
....................    STATE_LINE_FOLLOWING, 
....................    STATE_PICK_BALL, 
....................    STATE_REVERSE, 
....................    STATE_TURN_RIGHT, 
....................    STATE_DROP_BALL, 
....................    STATE_OUT_LINE, 
....................    STATE_CHECK_POINT, 
....................    STATE_RETURN_TO_START 
.................... }RobotState_t; 
....................  
....................  
.................... typedef struct { 
....................     RobotState_t current; 
.................... } State_t; 
....................  
.................... typedef struct { 
....................     int8 S0, S1, S2;      // IR 
....................     int8 PI_state; 
....................     int8 btn_checkpoint; 
....................     int8 ir_last_state; 
.................... } Input_t; 
....................  
.................... typedef struct { 
....................     int32 t_err;         
....................     int32 t_pickup;       
....................     int32 t_reverse;        
....................     int32 t_turnright; 
....................     int32 t_dropball;         
....................     int32 t_servo_pulse;    
....................     int32 t_pi; 
....................     int32 t_run; 
....................     int32 t_forward; 
.................... } Timing_t; 
....................  
.................... typedef struct { 
....................     int1 pick_ball; 
....................     int1 drop_ball; 
....................     int1 pick_turn_flag; 
....................     int1 drop_turn_flag; 
....................     int1 round; 
....................     int1 servo_done; 
....................     int1 forward_flag; 
.................... } Flags_t; 
....................  
.................... typedef struct { 
....................    State_t state; 
....................    Input_t input; 
....................    Timing_t time; 
....................    Flags_t flag; 
.................... } RobotContext_t; 
....................  
....................  
.................... typedef enum IR { 
....................    IR_LEFT, 
....................    IR_CENTER, 
....................    IR_RIGHT 
.................... }IR_t; 
....................  
.................... extern volatile RobotContext_t ctx; 
....................  
.................... //PWM variable 
.................... extern volatile int8 left_duty, right_duty; 
.................... extern volatile unsigned int16 servo_duty; 
.................... extern volatile int8 pwm_motor_count; 
.................... extern volatile unsigned int16 pwm_servo_count; 
....................  
.................... extern volatile int8  g_S0, g_S1, g_S2, g_PI; 
.................... extern volatile int8  g_button_checkpoint; 
....................  
.................... //Function Driver layer 
.................... void timer0_init (); 
.................... void timer1_init (); 
.................... void Interrupt_Init(void); 
.................... void Timer0_isr(); 
.................... void Timer1_isr(); 
.................... void Motor_Init(void); 
.................... void Motor_Direct(MotorDirect_t direct); 
.................... void Motor_SetLeftDuty(int8 duty); 
.................... void Motor_SetRightDuty(int8 duty); 
.................... void Servo_Init(); 
.................... void Servo_SetPulse(int16 pulse_us); 
.................... void GPIO_WritePin(int8 pin, int1 value); 
.................... void LED_Init(void); 
.................... void LED_Green_On(void); 
.................... void LED_Green_Off(void); 
.................... void LED_Red_Toggle(void); 
.................... void LED_Red_Off(void); 
.................... void LED_All_Off(void); 
.................... int1 PI_Sensor_Read(void); 
.................... int1 PI_Confirm(RobotContext_t *ctx); 
.................... void IR_Sensor_Read(int1 *s0, int1 *s1, int1 *s2); 
.................... int1 Button_Read(int8 pin); 
.................... void GPIO_Init(void); 
.................... int1 GPIO_ReadPin(int8 pin); 
.................... void Sensor_State_Update(); 
.................... void Motion_Forward(int8 left, int8 right); 
.................... void Motion_Backward(int8 left, int8 right); 
.................... void Motion_TurnRight(void); 
.................... void Motion_Stop(void); 
.................... void ServoService_Rotate(int8 angle); 
....................  
....................  
....................  
....................  
.................... //Function Application layer 
.................... void Function_Initialize(RobotContext_t *ctx); 
.................... void Function_LineFollow(RobotContext_t *ctx); 
.................... void Function_PickBall(RobotContext_t *ctx); 
.................... void Function_Reverse(RobotContext_t *ctx); 
.................... void Function_TurnRight(RobotContext_t *ctx); 
.................... void Function_DropBall(RobotContext_t *ctx); 
.................... void Function_OutLine(RobotContext_t *ctx); 
.................... void Function_Checkpoint(RobotContext_t *ctx); 
.................... void Function_ReturnToStart(RobotContext_t *ctx); 
.................... //void Reset_Flag(RobotContext_t *ctx); 
.................... void App_Init(void); 
.................... void FSM_Run(RobotContext_t *ctx); 
.................... void RobotContext_Init(RobotContext_t *ctx); 
....................  
....................  
.................... #endif 
....................  
....................  
.................... void Motor_Init(void) 
.................... { 
....................     output_low(ANT1); 
*
003DC:  BCF    F93.1
003DE:  BCF    F8A.1
....................     output_low(ANT2); 
003E0:  BCF    F93.0
003E2:  BCF    F8A.0
....................  
....................     output_low(BNT1); 
003E4:  BCF    F93.4
003E6:  BCF    F8A.4
....................     output_low(BNT2); 
003E8:  BCF    F93.3
003EA:  BCF    F8A.3
....................  
....................     left_duty  = 0; 
003EC:  CLRF   5B
....................     right_duty = 0; 
003EE:  CLRF   5C
003F0:  GOTO   0868 (RETURN)
.................... } 
....................  
.................... void Motor_Direct(MotorDirect_t direct){ 
....................    switch(direct) 
*
0089E:  MOVF   x6E,W
008A0:  XORLW  00
008A2:  BZ    08AE
008A4:  XORLW  01
008A6:  BZ    08C0
008A8:  XORLW  02
008AA:  BZ    08D2
008AC:  BRA    08E4
....................    { 
....................       case M_FORWARD:  
....................          //printf("Motor forward\n"); 
....................          output_high(ANT1); 
008AE:  BCF    F93.1
008B0:  BSF    F8A.1
....................          output_low(ANT2); 
008B2:  BCF    F93.0
008B4:  BCF    F8A.0
....................          output_high(BNT1); 
008B6:  BCF    F93.4
008B8:  BSF    F8A.4
....................          output_low(BNT2); 
008BA:  BCF    F93.3
008BC:  BCF    F8A.3
....................          break; 
008BE:  BRA    08F4
....................        case M_BACKWARD: 
....................          //printf("Motor backward\n"); 
....................          output_low(ANT1); 
008C0:  BCF    F93.1
008C2:  BCF    F8A.1
....................          output_high(ANT2); 
008C4:  BCF    F93.0
008C6:  BSF    F8A.0
....................          output_low(BNT1); 
008C8:  BCF    F93.4
008CA:  BCF    F8A.4
....................          output_high(BNT2); 
008CC:  BCF    F93.3
008CE:  BSF    F8A.3
....................          break; 
008D0:  BRA    08F4
....................        case M_TURNRIGHT: 
....................          //printf("Motor turn right\n"); 
....................          output_high(ANT1); 
008D2:  BCF    F93.1
008D4:  BSF    F8A.1
....................          output_low(ANT2); 
008D6:  BCF    F93.0
008D8:  BCF    F8A.0
....................          output_low(BNT1); 
008DA:  BCF    F93.4
008DC:  BCF    F8A.4
....................          output_high(BNT2); 
008DE:  BCF    F93.3
008E0:  BSF    F8A.3
....................          break; 
008E2:  BRA    08F4
....................        default: 
....................          //printf("Motor stop\n"); 
....................          output_low(ANT1); 
008E4:  BCF    F93.1
008E6:  BCF    F8A.1
....................          output_low(ANT2); 
008E8:  BCF    F93.0
008EA:  BCF    F8A.0
....................          output_low(BNT1); 
008EC:  BCF    F93.4
008EE:  BCF    F8A.4
....................          output_low(BNT2); 
008F0:  BCF    F93.3
008F2:  BCF    F8A.3
....................    } 
008F4:  RETURN 0
.................... } 
....................  
.................... void Motor_SetLeftDuty(int8 duty){ 
....................    if (duty > MOTOR_MAX_DUTY) duty = MOTOR_MAX_DUTY; 
008F6:  MOVF   x6E,W
008F8:  SUBLW  0A
008FA:  BC    0900
008FC:  MOVLW  0A
008FE:  MOVWF  x6E
....................    left_duty = duty; 
00900:  MOVFF  6E,5B
00904:  RETURN 0
.................... } 
....................  
.................... void Motor_SetRightDuty(int8 duty){ 
....................    if (duty > MOTOR_MAX_DUTY) duty = MOTOR_MAX_DUTY; 
00906:  MOVF   x6E,W
00908:  SUBLW  0A
0090A:  BC    0910
0090C:  MOVLW  0A
0090E:  MOVWF  x6E
....................    right_duty = duty; 
00910:  MOVFF  6E,5C
00914:  RETURN 0
.................... } 
....................  
....................  
.................... #include "Driver/Output/servo.c" 
.................... #include "main.h" 
.................... #ifndef MAIN_H 
.................... #define MAIN_H 
....................  
.................... #include <18F2685.h> 
.................... #device HIGH_INTS=TRUE 
.................... //#include <stdio.h> 
....................  
.................... #fuses INTRC_IO, NOWDT, NOLVP, NOBROWNOUT 
.................... #use delay(internal=32MHz)     //Fosc = 32MHz 
....................  
.................... //#use rs232(baud=9600, xmit=PIN_C6, rcv=PIN_C7) 
....................  
.................... //define GPIO PIN_OUT 
.................... #define     IR0_SENSOR        PIN_C1      //phai 
.................... #define     IR1_SENSOR        PIN_C2      //giua 
.................... #define     IR2_SENSOR        PIN_C4      //trai 
.................... #define     PI_SENSOR         PIN_A3 
.................... #define     BUTTON            PIN_C6 
.................... #define     MOTOR1            PIN_C7 
.................... #define     MOTOR2            PIN_B5 
.................... #define     SERVO             PIN_A2 
.................... #define     LED_RED           PIN_A0 
.................... #define     LED_GREEN         PIN_A1 
.................... #define     ANT2              PIN_B0 
.................... #define     ANT1              PIN_B1 
.................... #define     BNT2              PIN_B3 
.................... #define     BNT1              PIN_B4 
.................... #define     STBY              PIN_B2 
....................  
.................... #define     LINE_BLACK              1 
.................... #define     LINE_WHITE              0 
.................... #define     PI_BLOCKED              1 
.................... #define     PI_UNBLOCKED            0 
.................... #define     SERVO_PERIOD_TICK       400 
.................... #define     MOTOR_MAX_DUTY          10 
.................... #define     MOTOR_DUTY_FORWARD_3    6 
.................... #define     MOTOR_DUTY_FORWARD_2    2 
.................... #define     MOTOR_DUTY_FORWARD_1    1 
.................... #define     MOTOR_DUTY_BACKWARD     5 
.................... #define     MOTOR_DUTY_TURNRIGHT    4   
.................... #define     PI_CONFIRM_TIME         1000 //1s 
.................... #define     LINE_ERR_TIMEOUT        3000 //1s 
.................... #define     TIME_FORWARD_MAX        50   //0.2s 
.................... #define     TIME_RUN_MAX            3000 //10s 
.................... #define     REVERSE_TIMEOUT         1000//1s    
.................... #define     TURNRIGHT_MIN_TIME      500 //0.5s 
....................  
.................... extern volatile int16 pickup_timeout; 
.................... extern volatile int16 drop_timeout; 
.................... //MOTOR state 
.................... typedef enum Motor_Direct { 
....................    M_FORWARD, 
....................    M_BACKWARD, 
....................    M_STOP, 
....................    M_TURNRIGHT 
.................... } MotorDirect_t; 
....................  
.................... //State machine 
....................  
.................... typedef enum FSM { 
....................    STATE_INITIALIZE, 
....................    STATE_LINE_FOLLOWING, 
....................    STATE_PICK_BALL, 
....................    STATE_REVERSE, 
....................    STATE_TURN_RIGHT, 
....................    STATE_DROP_BALL, 
....................    STATE_OUT_LINE, 
....................    STATE_CHECK_POINT, 
....................    STATE_RETURN_TO_START 
.................... }RobotState_t; 
....................  
....................  
.................... typedef struct { 
....................     RobotState_t current; 
.................... } State_t; 
....................  
.................... typedef struct { 
....................     int8 S0, S1, S2;      // IR 
....................     int8 PI_state; 
....................     int8 btn_checkpoint; 
....................     int8 ir_last_state; 
.................... } Input_t; 
....................  
.................... typedef struct { 
....................     int32 t_err;         
....................     int32 t_pickup;       
....................     int32 t_reverse;        
....................     int32 t_turnright; 
....................     int32 t_dropball;         
....................     int32 t_servo_pulse;    
....................     int32 t_pi; 
....................     int32 t_run; 
....................     int32 t_forward; 
.................... } Timing_t; 
....................  
.................... typedef struct { 
....................     int1 pick_ball; 
....................     int1 drop_ball; 
....................     int1 pick_turn_flag; 
....................     int1 drop_turn_flag; 
....................     int1 round; 
....................     int1 servo_done; 
....................     int1 forward_flag; 
.................... } Flags_t; 
....................  
.................... typedef struct { 
....................    State_t state; 
....................    Input_t input; 
....................    Timing_t time; 
....................    Flags_t flag; 
.................... } RobotContext_t; 
....................  
....................  
.................... typedef enum IR { 
....................    IR_LEFT, 
....................    IR_CENTER, 
....................    IR_RIGHT 
.................... }IR_t; 
....................  
.................... extern volatile RobotContext_t ctx; 
....................  
.................... //PWM variable 
.................... extern volatile int8 left_duty, right_duty; 
.................... extern volatile unsigned int16 servo_duty; 
.................... extern volatile int8 pwm_motor_count; 
.................... extern volatile unsigned int16 pwm_servo_count; 
....................  
.................... extern volatile int8  g_S0, g_S1, g_S2, g_PI; 
.................... extern volatile int8  g_button_checkpoint; 
....................  
.................... //Function Driver layer 
.................... void timer0_init (); 
.................... void timer1_init (); 
.................... void Interrupt_Init(void); 
.................... void Timer0_isr(); 
.................... void Timer1_isr(); 
.................... void Motor_Init(void); 
.................... void Motor_Direct(MotorDirect_t direct); 
.................... void Motor_SetLeftDuty(int8 duty); 
.................... void Motor_SetRightDuty(int8 duty); 
.................... void Servo_Init(); 
.................... void Servo_SetPulse(int16 pulse_us); 
.................... void GPIO_WritePin(int8 pin, int1 value); 
.................... void LED_Init(void); 
.................... void LED_Green_On(void); 
.................... void LED_Green_Off(void); 
.................... void LED_Red_Toggle(void); 
.................... void LED_Red_Off(void); 
.................... void LED_All_Off(void); 
.................... int1 PI_Sensor_Read(void); 
.................... int1 PI_Confirm(RobotContext_t *ctx); 
.................... void IR_Sensor_Read(int1 *s0, int1 *s1, int1 *s2); 
.................... int1 Button_Read(int8 pin); 
.................... void GPIO_Init(void); 
.................... int1 GPIO_ReadPin(int8 pin); 
.................... void Sensor_State_Update(); 
.................... void Motion_Forward(int8 left, int8 right); 
.................... void Motion_Backward(int8 left, int8 right); 
.................... void Motion_TurnRight(void); 
.................... void Motion_Stop(void); 
.................... void ServoService_Rotate(int8 angle); 
....................  
....................  
....................  
....................  
.................... //Function Application layer 
.................... void Function_Initialize(RobotContext_t *ctx); 
.................... void Function_LineFollow(RobotContext_t *ctx); 
.................... void Function_PickBall(RobotContext_t *ctx); 
.................... void Function_Reverse(RobotContext_t *ctx); 
.................... void Function_TurnRight(RobotContext_t *ctx); 
.................... void Function_DropBall(RobotContext_t *ctx); 
.................... void Function_OutLine(RobotContext_t *ctx); 
.................... void Function_Checkpoint(RobotContext_t *ctx); 
.................... void Function_ReturnToStart(RobotContext_t *ctx); 
.................... //void Reset_Flag(RobotContext_t *ctx); 
.................... void App_Init(void); 
.................... void FSM_Run(RobotContext_t *ctx); 
.................... void RobotContext_Init(RobotContext_t *ctx); 
....................  
....................  
.................... #endif 
....................  
....................  
.................... #define SERVO_TICK_US  50  //Ttimer1_isr = 10us 
....................  
.................... void Servo_Init(){ 
....................    GPIO_WritePin(SERVO,0); 
*
0044C:  MOVLW  02
0044E:  MOVWF  x6B
00450:  CLRF   x6C
00452:  RCALL  03F4
....................    servo_duty = 0; 
00454:  CLRF   5E
00456:  CLRF   5D
00458:  GOTO   086A (RETURN)
.................... } 
....................  
.................... void Servo_SetPulse(int16 pulse_us){ 
....................    if (pulse_us < 500)  pulse_us = 500; 
*
00798:  MOVF   x6F,W
0079A:  SUBLW  01
0079C:  BNC   07AE
0079E:  BNZ   07A6
007A0:  MOVF   x6E,W
007A2:  SUBLW  F3
007A4:  BNC   07AE
007A6:  MOVLW  01
007A8:  MOVWF  x6F
007AA:  MOVLW  F4
007AC:  MOVWF  x6E
....................    if (pulse_us > 2500) pulse_us = 2500; 
007AE:  MOVF   x6F,W
007B0:  SUBLW  08
007B2:  BC    07C6
007B4:  XORLW  FF
007B6:  BNZ   07BE
007B8:  MOVF   x6E,W
007BA:  SUBLW  C4
007BC:  BC    07C6
007BE:  MOVLW  09
007C0:  MOVWF  x6F
007C2:  MOVLW  C4
007C4:  MOVWF  x6E
....................   
....................    servo_duty = (unsigned int16)((pulse_us + (SERVO_TICK_US / 2)) / SERVO_TICK_US); 
007C6:  MOVLW  19
007C8:  ADDWF  x6E,W
007CA:  MOVWF  x70
007CC:  MOVLW  00
007CE:  ADDWFC x6F,W
007D0:  MOVWF  x71
007D2:  MOVWF  x73
007D4:  MOVFF  70,72
007D8:  CLRF   x75
007DA:  MOVLW  32
007DC:  MOVWF  x74
007DE:  BRA    0754
007E0:  MOVFF  02,5E
007E4:  MOVFF  01,5D
007E8:  GOTO   0862 (RETURN)
.................... } 
....................  
.................... #include "Driver/Output/gpio_output.c" 
.................... #include "main.h" 
.................... #ifndef MAIN_H 
.................... #define MAIN_H 
....................  
.................... #include <18F2685.h> 
.................... #device HIGH_INTS=TRUE 
.................... //#include <stdio.h> 
....................  
.................... #fuses INTRC_IO, NOWDT, NOLVP, NOBROWNOUT 
.................... #use delay(internal=32MHz)     //Fosc = 32MHz 
....................  
.................... //#use rs232(baud=9600, xmit=PIN_C6, rcv=PIN_C7) 
....................  
.................... //define GPIO PIN_OUT 
.................... #define     IR0_SENSOR        PIN_C1      //phai 
.................... #define     IR1_SENSOR        PIN_C2      //giua 
.................... #define     IR2_SENSOR        PIN_C4      //trai 
.................... #define     PI_SENSOR         PIN_A3 
.................... #define     BUTTON            PIN_C6 
.................... #define     MOTOR1            PIN_C7 
.................... #define     MOTOR2            PIN_B5 
.................... #define     SERVO             PIN_A2 
.................... #define     LED_RED           PIN_A0 
.................... #define     LED_GREEN         PIN_A1 
.................... #define     ANT2              PIN_B0 
.................... #define     ANT1              PIN_B1 
.................... #define     BNT2              PIN_B3 
.................... #define     BNT1              PIN_B4 
.................... #define     STBY              PIN_B2 
....................  
.................... #define     LINE_BLACK              1 
.................... #define     LINE_WHITE              0 
.................... #define     PI_BLOCKED              1 
.................... #define     PI_UNBLOCKED            0 
.................... #define     SERVO_PERIOD_TICK       400 
.................... #define     MOTOR_MAX_DUTY          10 
.................... #define     MOTOR_DUTY_FORWARD_3    6 
.................... #define     MOTOR_DUTY_FORWARD_2    2 
.................... #define     MOTOR_DUTY_FORWARD_1    1 
.................... #define     MOTOR_DUTY_BACKWARD     5 
.................... #define     MOTOR_DUTY_TURNRIGHT    4   
.................... #define     PI_CONFIRM_TIME         1000 //1s 
.................... #define     LINE_ERR_TIMEOUT        3000 //1s 
.................... #define     TIME_FORWARD_MAX        50   //0.2s 
.................... #define     TIME_RUN_MAX            3000 //10s 
.................... #define     REVERSE_TIMEOUT         1000//1s    
.................... #define     TURNRIGHT_MIN_TIME      500 //0.5s 
....................  
.................... extern volatile int16 pickup_timeout; 
.................... extern volatile int16 drop_timeout; 
.................... //MOTOR state 
.................... typedef enum Motor_Direct { 
....................    M_FORWARD, 
....................    M_BACKWARD, 
....................    M_STOP, 
....................    M_TURNRIGHT 
.................... } MotorDirect_t; 
....................  
.................... //State machine 
....................  
.................... typedef enum FSM { 
....................    STATE_INITIALIZE, 
....................    STATE_LINE_FOLLOWING, 
....................    STATE_PICK_BALL, 
....................    STATE_REVERSE, 
....................    STATE_TURN_RIGHT, 
....................    STATE_DROP_BALL, 
....................    STATE_OUT_LINE, 
....................    STATE_CHECK_POINT, 
....................    STATE_RETURN_TO_START 
.................... }RobotState_t; 
....................  
....................  
.................... typedef struct { 
....................     RobotState_t current; 
.................... } State_t; 
....................  
.................... typedef struct { 
....................     int8 S0, S1, S2;      // IR 
....................     int8 PI_state; 
....................     int8 btn_checkpoint; 
....................     int8 ir_last_state; 
.................... } Input_t; 
....................  
.................... typedef struct { 
....................     int32 t_err;         
....................     int32 t_pickup;       
....................     int32 t_reverse;        
....................     int32 t_turnright; 
....................     int32 t_dropball;         
....................     int32 t_servo_pulse;    
....................     int32 t_pi; 
....................     int32 t_run; 
....................     int32 t_forward; 
.................... } Timing_t; 
....................  
.................... typedef struct { 
....................     int1 pick_ball; 
....................     int1 drop_ball; 
....................     int1 pick_turn_flag; 
....................     int1 drop_turn_flag; 
....................     int1 round; 
....................     int1 servo_done; 
....................     int1 forward_flag; 
.................... } Flags_t; 
....................  
.................... typedef struct { 
....................    State_t state; 
....................    Input_t input; 
....................    Timing_t time; 
....................    Flags_t flag; 
.................... } RobotContext_t; 
....................  
....................  
.................... typedef enum IR { 
....................    IR_LEFT, 
....................    IR_CENTER, 
....................    IR_RIGHT 
.................... }IR_t; 
....................  
.................... extern volatile RobotContext_t ctx; 
....................  
.................... //PWM variable 
.................... extern volatile int8 left_duty, right_duty; 
.................... extern volatile unsigned int16 servo_duty; 
.................... extern volatile int8 pwm_motor_count; 
.................... extern volatile unsigned int16 pwm_servo_count; 
....................  
.................... extern volatile int8  g_S0, g_S1, g_S2, g_PI; 
.................... extern volatile int8  g_button_checkpoint; 
....................  
.................... //Function Driver layer 
.................... void timer0_init (); 
.................... void timer1_init (); 
.................... void Interrupt_Init(void); 
.................... void Timer0_isr(); 
.................... void Timer1_isr(); 
.................... void Motor_Init(void); 
.................... void Motor_Direct(MotorDirect_t direct); 
.................... void Motor_SetLeftDuty(int8 duty); 
.................... void Motor_SetRightDuty(int8 duty); 
.................... void Servo_Init(); 
.................... void Servo_SetPulse(int16 pulse_us); 
.................... void GPIO_WritePin(int8 pin, int1 value); 
.................... void LED_Init(void); 
.................... void LED_Green_On(void); 
.................... void LED_Green_Off(void); 
.................... void LED_Red_Toggle(void); 
.................... void LED_Red_Off(void); 
.................... void LED_All_Off(void); 
.................... int1 PI_Sensor_Read(void); 
.................... int1 PI_Confirm(RobotContext_t *ctx); 
.................... void IR_Sensor_Read(int1 *s0, int1 *s1, int1 *s2); 
.................... int1 Button_Read(int8 pin); 
.................... void GPIO_Init(void); 
.................... int1 GPIO_ReadPin(int8 pin); 
.................... void Sensor_State_Update(); 
.................... void Motion_Forward(int8 left, int8 right); 
.................... void Motion_Backward(int8 left, int8 right); 
.................... void Motion_TurnRight(void); 
.................... void Motion_Stop(void); 
.................... void ServoService_Rotate(int8 angle); 
....................  
....................  
....................  
....................  
.................... //Function Application layer 
.................... void Function_Initialize(RobotContext_t *ctx); 
.................... void Function_LineFollow(RobotContext_t *ctx); 
.................... void Function_PickBall(RobotContext_t *ctx); 
.................... void Function_Reverse(RobotContext_t *ctx); 
.................... void Function_TurnRight(RobotContext_t *ctx); 
.................... void Function_DropBall(RobotContext_t *ctx); 
.................... void Function_OutLine(RobotContext_t *ctx); 
.................... void Function_Checkpoint(RobotContext_t *ctx); 
.................... void Function_ReturnToStart(RobotContext_t *ctx); 
.................... //void Reset_Flag(RobotContext_t *ctx); 
.................... void App_Init(void); 
.................... void FSM_Run(RobotContext_t *ctx); 
.................... void RobotContext_Init(RobotContext_t *ctx); 
....................  
....................  
.................... #endif 
....................  
....................  
....................  
....................  
.................... void GPIO_WritePin(int8 pin, int1 value) 
.................... { 
....................     output_bit(pin, value); 
*
003F4:  MOVF   x6C,F
003F6:  BNZ   03FC
003F8:  MOVLW  00
003FA:  BRA    03FE
003FC:  MOVLW  01
003FE:  CLRF   17
00400:  BTFSC  FF2.6
00402:  BSF    17.6
00404:  BCF    FF2.6
00406:  BTFSC  FF2.7
00408:  BSF    17.7
0040A:  BCF    FF2.7
0040C:  MOVFF  6B,8C
00410:  MOVWF  x8D
00412:  MOVLW  0F
00414:  MOVWF  x8F
00416:  MOVLW  89
00418:  MOVWF  x8E
0041A:  RCALL  0144
0041C:  BTFSC  17.6
0041E:  BSF    FF2.6
00420:  BTFSC  17.7
00422:  BSF    FF2.7
00424:  CLRF   17
00426:  BTFSC  FF2.6
00428:  BSF    17.6
0042A:  BCF    FF2.6
0042C:  BTFSC  FF2.7
0042E:  BSF    17.7
00430:  BCF    FF2.7
00432:  MOVFF  6B,8C
00436:  CLRF   x8D
00438:  MOVLW  0F
0043A:  MOVWF  x8F
0043C:  MOVLW  92
0043E:  MOVWF  x8E
00440:  RCALL  0144
00442:  BTFSC  17.6
00444:  BSF    FF2.6
00446:  BTFSC  17.7
00448:  BSF    FF2.7
0044A:  RETURN 0
.................... } 
....................  
.................... #include "Driver/Output/led.c" 
.................... #include "main.h" 
.................... #ifndef MAIN_H 
.................... #define MAIN_H 
....................  
.................... #include <18F2685.h> 
.................... #device HIGH_INTS=TRUE 
.................... //#include <stdio.h> 
....................  
.................... #fuses INTRC_IO, NOWDT, NOLVP, NOBROWNOUT 
.................... #use delay(internal=32MHz)     //Fosc = 32MHz 
....................  
.................... //#use rs232(baud=9600, xmit=PIN_C6, rcv=PIN_C7) 
....................  
.................... //define GPIO PIN_OUT 
.................... #define     IR0_SENSOR        PIN_C1      //phai 
.................... #define     IR1_SENSOR        PIN_C2      //giua 
.................... #define     IR2_SENSOR        PIN_C4      //trai 
.................... #define     PI_SENSOR         PIN_A3 
.................... #define     BUTTON            PIN_C6 
.................... #define     MOTOR1            PIN_C7 
.................... #define     MOTOR2            PIN_B5 
.................... #define     SERVO             PIN_A2 
.................... #define     LED_RED           PIN_A0 
.................... #define     LED_GREEN         PIN_A1 
.................... #define     ANT2              PIN_B0 
.................... #define     ANT1              PIN_B1 
.................... #define     BNT2              PIN_B3 
.................... #define     BNT1              PIN_B4 
.................... #define     STBY              PIN_B2 
....................  
.................... #define     LINE_BLACK              1 
.................... #define     LINE_WHITE              0 
.................... #define     PI_BLOCKED              1 
.................... #define     PI_UNBLOCKED            0 
.................... #define     SERVO_PERIOD_TICK       400 
.................... #define     MOTOR_MAX_DUTY          10 
.................... #define     MOTOR_DUTY_FORWARD_3    6 
.................... #define     MOTOR_DUTY_FORWARD_2    2 
.................... #define     MOTOR_DUTY_FORWARD_1    1 
.................... #define     MOTOR_DUTY_BACKWARD     5 
.................... #define     MOTOR_DUTY_TURNRIGHT    4   
.................... #define     PI_CONFIRM_TIME         1000 //1s 
.................... #define     LINE_ERR_TIMEOUT        3000 //1s 
.................... #define     TIME_FORWARD_MAX        50   //0.2s 
.................... #define     TIME_RUN_MAX            3000 //10s 
.................... #define     REVERSE_TIMEOUT         1000//1s    
.................... #define     TURNRIGHT_MIN_TIME      500 //0.5s 
....................  
.................... extern volatile int16 pickup_timeout; 
.................... extern volatile int16 drop_timeout; 
.................... //MOTOR state 
.................... typedef enum Motor_Direct { 
....................    M_FORWARD, 
....................    M_BACKWARD, 
....................    M_STOP, 
....................    M_TURNRIGHT 
.................... } MotorDirect_t; 
....................  
.................... //State machine 
....................  
.................... typedef enum FSM { 
....................    STATE_INITIALIZE, 
....................    STATE_LINE_FOLLOWING, 
....................    STATE_PICK_BALL, 
....................    STATE_REVERSE, 
....................    STATE_TURN_RIGHT, 
....................    STATE_DROP_BALL, 
....................    STATE_OUT_LINE, 
....................    STATE_CHECK_POINT, 
....................    STATE_RETURN_TO_START 
.................... }RobotState_t; 
....................  
....................  
.................... typedef struct { 
....................     RobotState_t current; 
.................... } State_t; 
....................  
.................... typedef struct { 
....................     int8 S0, S1, S2;      // IR 
....................     int8 PI_state; 
....................     int8 btn_checkpoint; 
....................     int8 ir_last_state; 
.................... } Input_t; 
....................  
.................... typedef struct { 
....................     int32 t_err;         
....................     int32 t_pickup;       
....................     int32 t_reverse;        
....................     int32 t_turnright; 
....................     int32 t_dropball;         
....................     int32 t_servo_pulse;    
....................     int32 t_pi; 
....................     int32 t_run; 
....................     int32 t_forward; 
.................... } Timing_t; 
....................  
.................... typedef struct { 
....................     int1 pick_ball; 
....................     int1 drop_ball; 
....................     int1 pick_turn_flag; 
....................     int1 drop_turn_flag; 
....................     int1 round; 
....................     int1 servo_done; 
....................     int1 forward_flag; 
.................... } Flags_t; 
....................  
.................... typedef struct { 
....................    State_t state; 
....................    Input_t input; 
....................    Timing_t time; 
....................    Flags_t flag; 
.................... } RobotContext_t; 
....................  
....................  
.................... typedef enum IR { 
....................    IR_LEFT, 
....................    IR_CENTER, 
....................    IR_RIGHT 
.................... }IR_t; 
....................  
.................... extern volatile RobotContext_t ctx; 
....................  
.................... //PWM variable 
.................... extern volatile int8 left_duty, right_duty; 
.................... extern volatile unsigned int16 servo_duty; 
.................... extern volatile int8 pwm_motor_count; 
.................... extern volatile unsigned int16 pwm_servo_count; 
....................  
.................... extern volatile int8  g_S0, g_S1, g_S2, g_PI; 
.................... extern volatile int8  g_button_checkpoint; 
....................  
.................... //Function Driver layer 
.................... void timer0_init (); 
.................... void timer1_init (); 
.................... void Interrupt_Init(void); 
.................... void Timer0_isr(); 
.................... void Timer1_isr(); 
.................... void Motor_Init(void); 
.................... void Motor_Direct(MotorDirect_t direct); 
.................... void Motor_SetLeftDuty(int8 duty); 
.................... void Motor_SetRightDuty(int8 duty); 
.................... void Servo_Init(); 
.................... void Servo_SetPulse(int16 pulse_us); 
.................... void GPIO_WritePin(int8 pin, int1 value); 
.................... void LED_Init(void); 
.................... void LED_Green_On(void); 
.................... void LED_Green_Off(void); 
.................... void LED_Red_Toggle(void); 
.................... void LED_Red_Off(void); 
.................... void LED_All_Off(void); 
.................... int1 PI_Sensor_Read(void); 
.................... int1 PI_Confirm(RobotContext_t *ctx); 
.................... void IR_Sensor_Read(int1 *s0, int1 *s1, int1 *s2); 
.................... int1 Button_Read(int8 pin); 
.................... void GPIO_Init(void); 
.................... int1 GPIO_ReadPin(int8 pin); 
.................... void Sensor_State_Update(); 
.................... void Motion_Forward(int8 left, int8 right); 
.................... void Motion_Backward(int8 left, int8 right); 
.................... void Motion_TurnRight(void); 
.................... void Motion_Stop(void); 
.................... void ServoService_Rotate(int8 angle); 
....................  
....................  
....................  
....................  
.................... //Function Application layer 
.................... void Function_Initialize(RobotContext_t *ctx); 
.................... void Function_LineFollow(RobotContext_t *ctx); 
.................... void Function_PickBall(RobotContext_t *ctx); 
.................... void Function_Reverse(RobotContext_t *ctx); 
.................... void Function_TurnRight(RobotContext_t *ctx); 
.................... void Function_DropBall(RobotContext_t *ctx); 
.................... void Function_OutLine(RobotContext_t *ctx); 
.................... void Function_Checkpoint(RobotContext_t *ctx); 
.................... void Function_ReturnToStart(RobotContext_t *ctx); 
.................... //void Reset_Flag(RobotContext_t *ctx); 
.................... void App_Init(void); 
.................... void FSM_Run(RobotContext_t *ctx); 
.................... void RobotContext_Init(RobotContext_t *ctx); 
....................  
....................  
.................... #endif 
....................  
....................  
....................  
.................... void LED_Init(void) 
.................... { 
....................    GPIO_WritePin(LED_GREEN, 0); 
*
0045C:  MOVLW  01
0045E:  MOVWF  x6B
00460:  CLRF   x6C
00462:  RCALL  03F4
....................     GPIO_WritePin(LED_RED, 0); 
00464:  CLRF   x6B
00466:  CLRF   x6C
00468:  RCALL  03F4
0046A:  GOTO   086C (RETURN)
.................... } 
....................  
.................... void LED_Green_On(void) 
.................... { 
....................     GPIO_WritePin(LED_GREEN, 0); 
*
0092A:  MOVLW  01
0092C:  MOVWF  x6B
0092E:  CLRF   x6C
00930:  RCALL  03F4
00932:  RETURN 0
.................... } 
....................  
.................... void LED_Green_Off(void) 
.................... { 
....................     GPIO_WritePin(LED_GREEN, 1); 
*
00F24:  MOVLW  01
00F26:  MOVWF  x6B
00F28:  MOVWF  x6C
00F2A:  CALL   03F4
00F2E:  GOTO   0FE0 (RETURN)
.................... } 
....................  
....................  
.................... void LED_Red_Toggle(void) 
.................... { 
....................     output_toggle(LED_RED); 
*
00AF2:  BCF    F92.0
00AF4:  BTG    F89.0
00AF6:  GOTO   0B94 (RETURN)
.................... } 
....................  
.................... void LED_Red_Off(void) 
.................... { 
....................    GPIO_WritePin(LED_RED,1); 
*
00934:  CLRF   x6B
00936:  MOVLW  01
00938:  MOVWF  x6C
0093A:  RCALL  03F4
0093C:  RETURN 0
.................... } 
....................  
....................  
.................... void LED_All_Off(void) 
.................... { 
....................     GPIO_WritePin(LED_GREEN, 1); 
....................     GPIO_WritePin(LED_RED, 1); 
.................... } 
....................  
....................  
.................... #include "Driver/Input/pi_sensor.c" 
.................... #include "main.h" 
.................... #ifndef MAIN_H 
.................... #define MAIN_H 
....................  
.................... #include <18F2685.h> 
.................... #device HIGH_INTS=TRUE 
.................... //#include <stdio.h> 
....................  
.................... #fuses INTRC_IO, NOWDT, NOLVP, NOBROWNOUT 
.................... #use delay(internal=32MHz)     //Fosc = 32MHz 
....................  
.................... //#use rs232(baud=9600, xmit=PIN_C6, rcv=PIN_C7) 
....................  
.................... //define GPIO PIN_OUT 
.................... #define     IR0_SENSOR        PIN_C1      //phai 
.................... #define     IR1_SENSOR        PIN_C2      //giua 
.................... #define     IR2_SENSOR        PIN_C4      //trai 
.................... #define     PI_SENSOR         PIN_A3 
.................... #define     BUTTON            PIN_C6 
.................... #define     MOTOR1            PIN_C7 
.................... #define     MOTOR2            PIN_B5 
.................... #define     SERVO             PIN_A2 
.................... #define     LED_RED           PIN_A0 
.................... #define     LED_GREEN         PIN_A1 
.................... #define     ANT2              PIN_B0 
.................... #define     ANT1              PIN_B1 
.................... #define     BNT2              PIN_B3 
.................... #define     BNT1              PIN_B4 
.................... #define     STBY              PIN_B2 
....................  
.................... #define     LINE_BLACK              1 
.................... #define     LINE_WHITE              0 
.................... #define     PI_BLOCKED              1 
.................... #define     PI_UNBLOCKED            0 
.................... #define     SERVO_PERIOD_TICK       400 
.................... #define     MOTOR_MAX_DUTY          10 
.................... #define     MOTOR_DUTY_FORWARD_3    6 
.................... #define     MOTOR_DUTY_FORWARD_2    2 
.................... #define     MOTOR_DUTY_FORWARD_1    1 
.................... #define     MOTOR_DUTY_BACKWARD     5 
.................... #define     MOTOR_DUTY_TURNRIGHT    4   
.................... #define     PI_CONFIRM_TIME         1000 //1s 
.................... #define     LINE_ERR_TIMEOUT        3000 //1s 
.................... #define     TIME_FORWARD_MAX        50   //0.2s 
.................... #define     TIME_RUN_MAX            3000 //10s 
.................... #define     REVERSE_TIMEOUT         1000//1s    
.................... #define     TURNRIGHT_MIN_TIME      500 //0.5s 
....................  
.................... extern volatile int16 pickup_timeout; 
.................... extern volatile int16 drop_timeout; 
.................... //MOTOR state 
.................... typedef enum Motor_Direct { 
....................    M_FORWARD, 
....................    M_BACKWARD, 
....................    M_STOP, 
....................    M_TURNRIGHT 
.................... } MotorDirect_t; 
....................  
.................... //State machine 
....................  
.................... typedef enum FSM { 
....................    STATE_INITIALIZE, 
....................    STATE_LINE_FOLLOWING, 
....................    STATE_PICK_BALL, 
....................    STATE_REVERSE, 
....................    STATE_TURN_RIGHT, 
....................    STATE_DROP_BALL, 
....................    STATE_OUT_LINE, 
....................    STATE_CHECK_POINT, 
....................    STATE_RETURN_TO_START 
.................... }RobotState_t; 
....................  
....................  
.................... typedef struct { 
....................     RobotState_t current; 
.................... } State_t; 
....................  
.................... typedef struct { 
....................     int8 S0, S1, S2;      // IR 
....................     int8 PI_state; 
....................     int8 btn_checkpoint; 
....................     int8 ir_last_state; 
.................... } Input_t; 
....................  
.................... typedef struct { 
....................     int32 t_err;         
....................     int32 t_pickup;       
....................     int32 t_reverse;        
....................     int32 t_turnright; 
....................     int32 t_dropball;         
....................     int32 t_servo_pulse;    
....................     int32 t_pi; 
....................     int32 t_run; 
....................     int32 t_forward; 
.................... } Timing_t; 
....................  
.................... typedef struct { 
....................     int1 pick_ball; 
....................     int1 drop_ball; 
....................     int1 pick_turn_flag; 
....................     int1 drop_turn_flag; 
....................     int1 round; 
....................     int1 servo_done; 
....................     int1 forward_flag; 
.................... } Flags_t; 
....................  
.................... typedef struct { 
....................    State_t state; 
....................    Input_t input; 
....................    Timing_t time; 
....................    Flags_t flag; 
.................... } RobotContext_t; 
....................  
....................  
.................... typedef enum IR { 
....................    IR_LEFT, 
....................    IR_CENTER, 
....................    IR_RIGHT 
.................... }IR_t; 
....................  
.................... extern volatile RobotContext_t ctx; 
....................  
.................... //PWM variable 
.................... extern volatile int8 left_duty, right_duty; 
.................... extern volatile unsigned int16 servo_duty; 
.................... extern volatile int8 pwm_motor_count; 
.................... extern volatile unsigned int16 pwm_servo_count; 
....................  
.................... extern volatile int8  g_S0, g_S1, g_S2, g_PI; 
.................... extern volatile int8  g_button_checkpoint; 
....................  
.................... //Function Driver layer 
.................... void timer0_init (); 
.................... void timer1_init (); 
.................... void Interrupt_Init(void); 
.................... void Timer0_isr(); 
.................... void Timer1_isr(); 
.................... void Motor_Init(void); 
.................... void Motor_Direct(MotorDirect_t direct); 
.................... void Motor_SetLeftDuty(int8 duty); 
.................... void Motor_SetRightDuty(int8 duty); 
.................... void Servo_Init(); 
.................... void Servo_SetPulse(int16 pulse_us); 
.................... void GPIO_WritePin(int8 pin, int1 value); 
.................... void LED_Init(void); 
.................... void LED_Green_On(void); 
.................... void LED_Green_Off(void); 
.................... void LED_Red_Toggle(void); 
.................... void LED_Red_Off(void); 
.................... void LED_All_Off(void); 
.................... int1 PI_Sensor_Read(void); 
.................... int1 PI_Confirm(RobotContext_t *ctx); 
.................... void IR_Sensor_Read(int1 *s0, int1 *s1, int1 *s2); 
.................... int1 Button_Read(int8 pin); 
.................... void GPIO_Init(void); 
.................... int1 GPIO_ReadPin(int8 pin); 
.................... void Sensor_State_Update(); 
.................... void Motion_Forward(int8 left, int8 right); 
.................... void Motion_Backward(int8 left, int8 right); 
.................... void Motion_TurnRight(void); 
.................... void Motion_Stop(void); 
.................... void ServoService_Rotate(int8 angle); 
....................  
....................  
....................  
....................  
.................... //Function Application layer 
.................... void Function_Initialize(RobotContext_t *ctx); 
.................... void Function_LineFollow(RobotContext_t *ctx); 
.................... void Function_PickBall(RobotContext_t *ctx); 
.................... void Function_Reverse(RobotContext_t *ctx); 
.................... void Function_TurnRight(RobotContext_t *ctx); 
.................... void Function_DropBall(RobotContext_t *ctx); 
.................... void Function_OutLine(RobotContext_t *ctx); 
.................... void Function_Checkpoint(RobotContext_t *ctx); 
.................... void Function_ReturnToStart(RobotContext_t *ctx); 
.................... //void Reset_Flag(RobotContext_t *ctx); 
.................... void App_Init(void); 
.................... void FSM_Run(RobotContext_t *ctx); 
.................... void RobotContext_Init(RobotContext_t *ctx); 
....................  
....................  
.................... #endif 
....................  
....................  
....................  
.................... int1 PI_Sensor_Read(void) 
.................... { 
....................     return GPIO_ReadPin(PI_SENSOR); 
*
0023A:  MOVLW  03
0023C:  MOVWF  x8B
0023E:  RCALL  01B2
00240:  MOVF   01,W
00242:  GOTO   027C (RETURN)
.................... } 
....................  
.................... int1 PI_Confirm(RobotContext_t *ctx) 
.................... { 
....................    if (ctx->input.PI_state == PI_BLOCKED) return 0; 
*
00954:  MOVLW  04
00956:  ADDWF  x6C,W
00958:  MOVWF  FE9
0095A:  MOVLW  00
0095C:  ADDWFC x6D,W
0095E:  MOVWF  FEA
00960:  DECFSZ FEF,W
00962:  BRA    096A
00964:  MOVLW  00
00966:  MOVWF  01
00968:  BRA    09A6
....................    return (ctx->time.t_pi > PI_CONFIRM_TIME) ? 1 : 0; 
0096A:  MOVLW  1F
0096C:  ADDWF  x6C,W
0096E:  MOVWF  FE9
00970:  MOVLW  00
00972:  ADDWFC x6D,W
00974:  MOVWF  FEA
00976:  MOVFF  FEF,6E
0097A:  MOVFF  FEC,6F
0097E:  MOVFF  FEC,70
00982:  MOVFF  FEC,71
00986:  MOVF   x71,F
00988:  BNZ   099E
0098A:  MOVF   x70,F
0098C:  BNZ   099E
0098E:  MOVF   x6F,W
00990:  SUBLW  02
00992:  BC    09A2
00994:  XORLW  FF
00996:  BNZ   099E
00998:  MOVF   x6E,W
0099A:  SUBLW  E8
0099C:  BC    09A2
0099E:  MOVLW  01
009A0:  BRA    09A4
009A2:  MOVLW  00
009A4:  MOVWF  01
009A6:  GOTO   0A04 (RETURN)
.................... } 
....................  
.................... #include "Driver/Input/ir_sensor.c" 
.................... #include "main.h" 
.................... #ifndef MAIN_H 
.................... #define MAIN_H 
....................  
.................... #include <18F2685.h> 
.................... #device HIGH_INTS=TRUE 
.................... //#include <stdio.h> 
....................  
.................... #fuses INTRC_IO, NOWDT, NOLVP, NOBROWNOUT 
.................... #use delay(internal=32MHz)     //Fosc = 32MHz 
....................  
.................... //#use rs232(baud=9600, xmit=PIN_C6, rcv=PIN_C7) 
....................  
.................... //define GPIO PIN_OUT 
.................... #define     IR0_SENSOR        PIN_C1      //phai 
.................... #define     IR1_SENSOR        PIN_C2      //giua 
.................... #define     IR2_SENSOR        PIN_C4      //trai 
.................... #define     PI_SENSOR         PIN_A3 
.................... #define     BUTTON            PIN_C6 
.................... #define     MOTOR1            PIN_C7 
.................... #define     MOTOR2            PIN_B5 
.................... #define     SERVO             PIN_A2 
.................... #define     LED_RED           PIN_A0 
.................... #define     LED_GREEN         PIN_A1 
.................... #define     ANT2              PIN_B0 
.................... #define     ANT1              PIN_B1 
.................... #define     BNT2              PIN_B3 
.................... #define     BNT1              PIN_B4 
.................... #define     STBY              PIN_B2 
....................  
.................... #define     LINE_BLACK              1 
.................... #define     LINE_WHITE              0 
.................... #define     PI_BLOCKED              1 
.................... #define     PI_UNBLOCKED            0 
.................... #define     SERVO_PERIOD_TICK       400 
.................... #define     MOTOR_MAX_DUTY          10 
.................... #define     MOTOR_DUTY_FORWARD_3    6 
.................... #define     MOTOR_DUTY_FORWARD_2    2 
.................... #define     MOTOR_DUTY_FORWARD_1    1 
.................... #define     MOTOR_DUTY_BACKWARD     5 
.................... #define     MOTOR_DUTY_TURNRIGHT    4   
.................... #define     PI_CONFIRM_TIME         1000 //1s 
.................... #define     LINE_ERR_TIMEOUT        3000 //1s 
.................... #define     TIME_FORWARD_MAX        50   //0.2s 
.................... #define     TIME_RUN_MAX            3000 //10s 
.................... #define     REVERSE_TIMEOUT         1000//1s    
.................... #define     TURNRIGHT_MIN_TIME      500 //0.5s 
....................  
.................... extern volatile int16 pickup_timeout; 
.................... extern volatile int16 drop_timeout; 
.................... //MOTOR state 
.................... typedef enum Motor_Direct { 
....................    M_FORWARD, 
....................    M_BACKWARD, 
....................    M_STOP, 
....................    M_TURNRIGHT 
.................... } MotorDirect_t; 
....................  
.................... //State machine 
....................  
.................... typedef enum FSM { 
....................    STATE_INITIALIZE, 
....................    STATE_LINE_FOLLOWING, 
....................    STATE_PICK_BALL, 
....................    STATE_REVERSE, 
....................    STATE_TURN_RIGHT, 
....................    STATE_DROP_BALL, 
....................    STATE_OUT_LINE, 
....................    STATE_CHECK_POINT, 
....................    STATE_RETURN_TO_START 
.................... }RobotState_t; 
....................  
....................  
.................... typedef struct { 
....................     RobotState_t current; 
.................... } State_t; 
....................  
.................... typedef struct { 
....................     int8 S0, S1, S2;      // IR 
....................     int8 PI_state; 
....................     int8 btn_checkpoint; 
....................     int8 ir_last_state; 
.................... } Input_t; 
....................  
.................... typedef struct { 
....................     int32 t_err;         
....................     int32 t_pickup;       
....................     int32 t_reverse;        
....................     int32 t_turnright; 
....................     int32 t_dropball;         
....................     int32 t_servo_pulse;    
....................     int32 t_pi; 
....................     int32 t_run; 
....................     int32 t_forward; 
.................... } Timing_t; 
....................  
.................... typedef struct { 
....................     int1 pick_ball; 
....................     int1 drop_ball; 
....................     int1 pick_turn_flag; 
....................     int1 drop_turn_flag; 
....................     int1 round; 
....................     int1 servo_done; 
....................     int1 forward_flag; 
.................... } Flags_t; 
....................  
.................... typedef struct { 
....................    State_t state; 
....................    Input_t input; 
....................    Timing_t time; 
....................    Flags_t flag; 
.................... } RobotContext_t; 
....................  
....................  
.................... typedef enum IR { 
....................    IR_LEFT, 
....................    IR_CENTER, 
....................    IR_RIGHT 
.................... }IR_t; 
....................  
.................... extern volatile RobotContext_t ctx; 
....................  
.................... //PWM variable 
.................... extern volatile int8 left_duty, right_duty; 
.................... extern volatile unsigned int16 servo_duty; 
.................... extern volatile int8 pwm_motor_count; 
.................... extern volatile unsigned int16 pwm_servo_count; 
....................  
.................... extern volatile int8  g_S0, g_S1, g_S2, g_PI; 
.................... extern volatile int8  g_button_checkpoint; 
....................  
.................... //Function Driver layer 
.................... void timer0_init (); 
.................... void timer1_init (); 
.................... void Interrupt_Init(void); 
.................... void Timer0_isr(); 
.................... void Timer1_isr(); 
.................... void Motor_Init(void); 
.................... void Motor_Direct(MotorDirect_t direct); 
.................... void Motor_SetLeftDuty(int8 duty); 
.................... void Motor_SetRightDuty(int8 duty); 
.................... void Servo_Init(); 
.................... void Servo_SetPulse(int16 pulse_us); 
.................... void GPIO_WritePin(int8 pin, int1 value); 
.................... void LED_Init(void); 
.................... void LED_Green_On(void); 
.................... void LED_Green_Off(void); 
.................... void LED_Red_Toggle(void); 
.................... void LED_Red_Off(void); 
.................... void LED_All_Off(void); 
.................... int1 PI_Sensor_Read(void); 
.................... int1 PI_Confirm(RobotContext_t *ctx); 
.................... void IR_Sensor_Read(int1 *s0, int1 *s1, int1 *s2); 
.................... int1 Button_Read(int8 pin); 
.................... void GPIO_Init(void); 
.................... int1 GPIO_ReadPin(int8 pin); 
.................... void Sensor_State_Update(); 
.................... void Motion_Forward(int8 left, int8 right); 
.................... void Motion_Backward(int8 left, int8 right); 
.................... void Motion_TurnRight(void); 
.................... void Motion_Stop(void); 
.................... void ServoService_Rotate(int8 angle); 
....................  
....................  
....................  
....................  
.................... //Function Application layer 
.................... void Function_Initialize(RobotContext_t *ctx); 
.................... void Function_LineFollow(RobotContext_t *ctx); 
.................... void Function_PickBall(RobotContext_t *ctx); 
.................... void Function_Reverse(RobotContext_t *ctx); 
.................... void Function_TurnRight(RobotContext_t *ctx); 
.................... void Function_DropBall(RobotContext_t *ctx); 
.................... void Function_OutLine(RobotContext_t *ctx); 
.................... void Function_Checkpoint(RobotContext_t *ctx); 
.................... void Function_ReturnToStart(RobotContext_t *ctx); 
.................... //void Reset_Flag(RobotContext_t *ctx); 
.................... void App_Init(void); 
.................... void FSM_Run(RobotContext_t *ctx); 
.................... void RobotContext_Init(RobotContext_t *ctx); 
....................  
....................  
.................... #endif 
....................  
....................  
....................  
....................  
....................  
.................... void IR_Sensor_Read(int1 *s0, int1 *s1, int1 *s2) 
.................... { 
....................     *s0 = GPIO_ReadPin(IR0_SENSOR); 
*
001DC:  MOVFF  84,03
001E0:  MOVFF  83,89
001E4:  MOVFF  84,8A
001E8:  MOVLW  11
001EA:  MOVWF  x8B
001EC:  RCALL  01B2
001EE:  MOVFF  8A,FEA
001F2:  MOVFF  89,FE9
001F6:  MOVFF  01,FEF
....................     *s1 = GPIO_ReadPin(IR1_SENSOR); 
001FA:  MOVFF  86,03
001FE:  MOVFF  85,89
00202:  MOVFF  86,8A
00206:  MOVLW  12
00208:  MOVWF  x8B
0020A:  RCALL  01B2
0020C:  MOVFF  8A,FEA
00210:  MOVFF  89,FE9
00214:  MOVFF  01,FEF
....................     *s2 = GPIO_ReadPin(IR2_SENSOR); 
00218:  MOVFF  88,03
0021C:  MOVFF  87,89
00220:  MOVFF  88,8A
00224:  MOVLW  14
00226:  MOVWF  x8B
00228:  RCALL  01B2
0022A:  MOVFF  8A,FEA
0022E:  MOVFF  89,FE9
00232:  MOVFF  01,FEF
00236:  GOTO   026E (RETURN)
.................... } 
....................  
.................... #include "Driver/Input/button.c" 
.................... #include "main.h" 
.................... #ifndef MAIN_H 
.................... #define MAIN_H 
....................  
.................... #include <18F2685.h> 
.................... #device HIGH_INTS=TRUE 
.................... //#include <stdio.h> 
....................  
.................... #fuses INTRC_IO, NOWDT, NOLVP, NOBROWNOUT 
.................... #use delay(internal=32MHz)     //Fosc = 32MHz 
....................  
.................... //#use rs232(baud=9600, xmit=PIN_C6, rcv=PIN_C7) 
....................  
.................... //define GPIO PIN_OUT 
.................... #define     IR0_SENSOR        PIN_C1      //phai 
.................... #define     IR1_SENSOR        PIN_C2      //giua 
.................... #define     IR2_SENSOR        PIN_C4      //trai 
.................... #define     PI_SENSOR         PIN_A3 
.................... #define     BUTTON            PIN_C6 
.................... #define     MOTOR1            PIN_C7 
.................... #define     MOTOR2            PIN_B5 
.................... #define     SERVO             PIN_A2 
.................... #define     LED_RED           PIN_A0 
.................... #define     LED_GREEN         PIN_A1 
.................... #define     ANT2              PIN_B0 
.................... #define     ANT1              PIN_B1 
.................... #define     BNT2              PIN_B3 
.................... #define     BNT1              PIN_B4 
.................... #define     STBY              PIN_B2 
....................  
.................... #define     LINE_BLACK              1 
.................... #define     LINE_WHITE              0 
.................... #define     PI_BLOCKED              1 
.................... #define     PI_UNBLOCKED            0 
.................... #define     SERVO_PERIOD_TICK       400 
.................... #define     MOTOR_MAX_DUTY          10 
.................... #define     MOTOR_DUTY_FORWARD_3    6 
.................... #define     MOTOR_DUTY_FORWARD_2    2 
.................... #define     MOTOR_DUTY_FORWARD_1    1 
.................... #define     MOTOR_DUTY_BACKWARD     5 
.................... #define     MOTOR_DUTY_TURNRIGHT    4   
.................... #define     PI_CONFIRM_TIME         1000 //1s 
.................... #define     LINE_ERR_TIMEOUT        3000 //1s 
.................... #define     TIME_FORWARD_MAX        50   //0.2s 
.................... #define     TIME_RUN_MAX            3000 //10s 
.................... #define     REVERSE_TIMEOUT         1000//1s    
.................... #define     TURNRIGHT_MIN_TIME      500 //0.5s 
....................  
.................... extern volatile int16 pickup_timeout; 
.................... extern volatile int16 drop_timeout; 
.................... //MOTOR state 
.................... typedef enum Motor_Direct { 
....................    M_FORWARD, 
....................    M_BACKWARD, 
....................    M_STOP, 
....................    M_TURNRIGHT 
.................... } MotorDirect_t; 
....................  
.................... //State machine 
....................  
.................... typedef enum FSM { 
....................    STATE_INITIALIZE, 
....................    STATE_LINE_FOLLOWING, 
....................    STATE_PICK_BALL, 
....................    STATE_REVERSE, 
....................    STATE_TURN_RIGHT, 
....................    STATE_DROP_BALL, 
....................    STATE_OUT_LINE, 
....................    STATE_CHECK_POINT, 
....................    STATE_RETURN_TO_START 
.................... }RobotState_t; 
....................  
....................  
.................... typedef struct { 
....................     RobotState_t current; 
.................... } State_t; 
....................  
.................... typedef struct { 
....................     int8 S0, S1, S2;      // IR 
....................     int8 PI_state; 
....................     int8 btn_checkpoint; 
....................     int8 ir_last_state; 
.................... } Input_t; 
....................  
.................... typedef struct { 
....................     int32 t_err;         
....................     int32 t_pickup;       
....................     int32 t_reverse;        
....................     int32 t_turnright; 
....................     int32 t_dropball;         
....................     int32 t_servo_pulse;    
....................     int32 t_pi; 
....................     int32 t_run; 
....................     int32 t_forward; 
.................... } Timing_t; 
....................  
.................... typedef struct { 
....................     int1 pick_ball; 
....................     int1 drop_ball; 
....................     int1 pick_turn_flag; 
....................     int1 drop_turn_flag; 
....................     int1 round; 
....................     int1 servo_done; 
....................     int1 forward_flag; 
.................... } Flags_t; 
....................  
.................... typedef struct { 
....................    State_t state; 
....................    Input_t input; 
....................    Timing_t time; 
....................    Flags_t flag; 
.................... } RobotContext_t; 
....................  
....................  
.................... typedef enum IR { 
....................    IR_LEFT, 
....................    IR_CENTER, 
....................    IR_RIGHT 
.................... }IR_t; 
....................  
.................... extern volatile RobotContext_t ctx; 
....................  
.................... //PWM variable 
.................... extern volatile int8 left_duty, right_duty; 
.................... extern volatile unsigned int16 servo_duty; 
.................... extern volatile int8 pwm_motor_count; 
.................... extern volatile unsigned int16 pwm_servo_count; 
....................  
.................... extern volatile int8  g_S0, g_S1, g_S2, g_PI; 
.................... extern volatile int8  g_button_checkpoint; 
....................  
.................... //Function Driver layer 
.................... void timer0_init (); 
.................... void timer1_init (); 
.................... void Interrupt_Init(void); 
.................... void Timer0_isr(); 
.................... void Timer1_isr(); 
.................... void Motor_Init(void); 
.................... void Motor_Direct(MotorDirect_t direct); 
.................... void Motor_SetLeftDuty(int8 duty); 
.................... void Motor_SetRightDuty(int8 duty); 
.................... void Servo_Init(); 
.................... void Servo_SetPulse(int16 pulse_us); 
.................... void GPIO_WritePin(int8 pin, int1 value); 
.................... void LED_Init(void); 
.................... void LED_Green_On(void); 
.................... void LED_Green_Off(void); 
.................... void LED_Red_Toggle(void); 
.................... void LED_Red_Off(void); 
.................... void LED_All_Off(void); 
.................... int1 PI_Sensor_Read(void); 
.................... int1 PI_Confirm(RobotContext_t *ctx); 
.................... void IR_Sensor_Read(int1 *s0, int1 *s1, int1 *s2); 
.................... int1 Button_Read(int8 pin); 
.................... void GPIO_Init(void); 
.................... int1 GPIO_ReadPin(int8 pin); 
.................... void Sensor_State_Update(); 
.................... void Motion_Forward(int8 left, int8 right); 
.................... void Motion_Backward(int8 left, int8 right); 
.................... void Motion_TurnRight(void); 
.................... void Motion_Stop(void); 
.................... void ServoService_Rotate(int8 angle); 
....................  
....................  
....................  
....................  
.................... //Function Application layer 
.................... void Function_Initialize(RobotContext_t *ctx); 
.................... void Function_LineFollow(RobotContext_t *ctx); 
.................... void Function_PickBall(RobotContext_t *ctx); 
.................... void Function_Reverse(RobotContext_t *ctx); 
.................... void Function_TurnRight(RobotContext_t *ctx); 
.................... void Function_DropBall(RobotContext_t *ctx); 
.................... void Function_OutLine(RobotContext_t *ctx); 
.................... void Function_Checkpoint(RobotContext_t *ctx); 
.................... void Function_ReturnToStart(RobotContext_t *ctx); 
.................... //void Reset_Flag(RobotContext_t *ctx); 
.................... void App_Init(void); 
.................... void FSM_Run(RobotContext_t *ctx); 
.................... void RobotContext_Init(RobotContext_t *ctx); 
....................  
....................  
.................... #endif 
....................  
....................  
....................  
....................  
.................... int1 Button_Read(int8 pin) 
.................... { 
....................     return GPIO_ReadPin(pin); 
*
00246:  MOVFF  83,8B
0024A:  RCALL  01B2
0024C:  MOVF   01,W
0024E:  GOTO   0286 (RETURN)
.................... } 
....................  
.................... #include "Driver/Input/gpio_input.c" 
.................... #include "main.h" 
.................... #ifndef MAIN_H 
.................... #define MAIN_H 
....................  
.................... #include <18F2685.h> 
.................... #device HIGH_INTS=TRUE 
.................... //#include <stdio.h> 
....................  
.................... #fuses INTRC_IO, NOWDT, NOLVP, NOBROWNOUT 
.................... #use delay(internal=32MHz)     //Fosc = 32MHz 
....................  
.................... //#use rs232(baud=9600, xmit=PIN_C6, rcv=PIN_C7) 
....................  
.................... //define GPIO PIN_OUT 
.................... #define     IR0_SENSOR        PIN_C1      //phai 
.................... #define     IR1_SENSOR        PIN_C2      //giua 
.................... #define     IR2_SENSOR        PIN_C4      //trai 
.................... #define     PI_SENSOR         PIN_A3 
.................... #define     BUTTON            PIN_C6 
.................... #define     MOTOR1            PIN_C7 
.................... #define     MOTOR2            PIN_B5 
.................... #define     SERVO             PIN_A2 
.................... #define     LED_RED           PIN_A0 
.................... #define     LED_GREEN         PIN_A1 
.................... #define     ANT2              PIN_B0 
.................... #define     ANT1              PIN_B1 
.................... #define     BNT2              PIN_B3 
.................... #define     BNT1              PIN_B4 
.................... #define     STBY              PIN_B2 
....................  
.................... #define     LINE_BLACK              1 
.................... #define     LINE_WHITE              0 
.................... #define     PI_BLOCKED              1 
.................... #define     PI_UNBLOCKED            0 
.................... #define     SERVO_PERIOD_TICK       400 
.................... #define     MOTOR_MAX_DUTY          10 
.................... #define     MOTOR_DUTY_FORWARD_3    6 
.................... #define     MOTOR_DUTY_FORWARD_2    2 
.................... #define     MOTOR_DUTY_FORWARD_1    1 
.................... #define     MOTOR_DUTY_BACKWARD     5 
.................... #define     MOTOR_DUTY_TURNRIGHT    4   
.................... #define     PI_CONFIRM_TIME         1000 //1s 
.................... #define     LINE_ERR_TIMEOUT        3000 //1s 
.................... #define     TIME_FORWARD_MAX        50   //0.2s 
.................... #define     TIME_RUN_MAX            3000 //10s 
.................... #define     REVERSE_TIMEOUT         1000//1s    
.................... #define     TURNRIGHT_MIN_TIME      500 //0.5s 
....................  
.................... extern volatile int16 pickup_timeout; 
.................... extern volatile int16 drop_timeout; 
.................... //MOTOR state 
.................... typedef enum Motor_Direct { 
....................    M_FORWARD, 
....................    M_BACKWARD, 
....................    M_STOP, 
....................    M_TURNRIGHT 
.................... } MotorDirect_t; 
....................  
.................... //State machine 
....................  
.................... typedef enum FSM { 
....................    STATE_INITIALIZE, 
....................    STATE_LINE_FOLLOWING, 
....................    STATE_PICK_BALL, 
....................    STATE_REVERSE, 
....................    STATE_TURN_RIGHT, 
....................    STATE_DROP_BALL, 
....................    STATE_OUT_LINE, 
....................    STATE_CHECK_POINT, 
....................    STATE_RETURN_TO_START 
.................... }RobotState_t; 
....................  
....................  
.................... typedef struct { 
....................     RobotState_t current; 
.................... } State_t; 
....................  
.................... typedef struct { 
....................     int8 S0, S1, S2;      // IR 
....................     int8 PI_state; 
....................     int8 btn_checkpoint; 
....................     int8 ir_last_state; 
.................... } Input_t; 
....................  
.................... typedef struct { 
....................     int32 t_err;         
....................     int32 t_pickup;       
....................     int32 t_reverse;        
....................     int32 t_turnright; 
....................     int32 t_dropball;         
....................     int32 t_servo_pulse;    
....................     int32 t_pi; 
....................     int32 t_run; 
....................     int32 t_forward; 
.................... } Timing_t; 
....................  
.................... typedef struct { 
....................     int1 pick_ball; 
....................     int1 drop_ball; 
....................     int1 pick_turn_flag; 
....................     int1 drop_turn_flag; 
....................     int1 round; 
....................     int1 servo_done; 
....................     int1 forward_flag; 
.................... } Flags_t; 
....................  
.................... typedef struct { 
....................    State_t state; 
....................    Input_t input; 
....................    Timing_t time; 
....................    Flags_t flag; 
.................... } RobotContext_t; 
....................  
....................  
.................... typedef enum IR { 
....................    IR_LEFT, 
....................    IR_CENTER, 
....................    IR_RIGHT 
.................... }IR_t; 
....................  
.................... extern volatile RobotContext_t ctx; 
....................  
.................... //PWM variable 
.................... extern volatile int8 left_duty, right_duty; 
.................... extern volatile unsigned int16 servo_duty; 
.................... extern volatile int8 pwm_motor_count; 
.................... extern volatile unsigned int16 pwm_servo_count; 
....................  
.................... extern volatile int8  g_S0, g_S1, g_S2, g_PI; 
.................... extern volatile int8  g_button_checkpoint; 
....................  
.................... //Function Driver layer 
.................... void timer0_init (); 
.................... void timer1_init (); 
.................... void Interrupt_Init(void); 
.................... void Timer0_isr(); 
.................... void Timer1_isr(); 
.................... void Motor_Init(void); 
.................... void Motor_Direct(MotorDirect_t direct); 
.................... void Motor_SetLeftDuty(int8 duty); 
.................... void Motor_SetRightDuty(int8 duty); 
.................... void Servo_Init(); 
.................... void Servo_SetPulse(int16 pulse_us); 
.................... void GPIO_WritePin(int8 pin, int1 value); 
.................... void LED_Init(void); 
.................... void LED_Green_On(void); 
.................... void LED_Green_Off(void); 
.................... void LED_Red_Toggle(void); 
.................... void LED_Red_Off(void); 
.................... void LED_All_Off(void); 
.................... int1 PI_Sensor_Read(void); 
.................... int1 PI_Confirm(RobotContext_t *ctx); 
.................... void IR_Sensor_Read(int1 *s0, int1 *s1, int1 *s2); 
.................... int1 Button_Read(int8 pin); 
.................... void GPIO_Init(void); 
.................... int1 GPIO_ReadPin(int8 pin); 
.................... void Sensor_State_Update(); 
.................... void Motion_Forward(int8 left, int8 right); 
.................... void Motion_Backward(int8 left, int8 right); 
.................... void Motion_TurnRight(void); 
.................... void Motion_Stop(void); 
.................... void ServoService_Rotate(int8 angle); 
....................  
....................  
....................  
....................  
.................... //Function Application layer 
.................... void Function_Initialize(RobotContext_t *ctx); 
.................... void Function_LineFollow(RobotContext_t *ctx); 
.................... void Function_PickBall(RobotContext_t *ctx); 
.................... void Function_Reverse(RobotContext_t *ctx); 
.................... void Function_TurnRight(RobotContext_t *ctx); 
.................... void Function_DropBall(RobotContext_t *ctx); 
.................... void Function_OutLine(RobotContext_t *ctx); 
.................... void Function_Checkpoint(RobotContext_t *ctx); 
.................... void Function_ReturnToStart(RobotContext_t *ctx); 
.................... //void Reset_Flag(RobotContext_t *ctx); 
.................... void App_Init(void); 
.................... void FSM_Run(RobotContext_t *ctx); 
.................... void RobotContext_Init(RobotContext_t *ctx); 
....................  
....................  
.................... #endif 
....................  
....................  
....................  
.................... void GPIO_Init(void) 
.................... { 
....................     set_tris_a(0b00111000); 
*
003C2:  MOVLW  38
003C4:  MOVWF  F92
....................     set_tris_b(0b11000000); 
003C6:  MOVLW  C0
003C8:  MOVWF  F93
....................     set_tris_c(0b00011110); 
003CA:  MOVLW  1E
003CC:  MOVWF  F94
....................     setup_adc(ADC_OFF); 
003CE:  BCF    FC2.0
....................     setup_adc_ports(NO_ANALOGS); 
003D0:  MOVF   FC1,W
003D2:  ANDLW  C0
003D4:  IORLW  0F
003D6:  MOVWF  FC1
003D8:  GOTO   0866 (RETURN)
.................... } 
....................  
....................  
.................... int1 GPIO_ReadPin(int8 pin) 
.................... { 
....................     return input(pin); 
*
001B2:  MOVFF  8B,8C
001B6:  MOVLW  01
001B8:  MOVWF  x8D
001BA:  MOVLW  0F
001BC:  MOVWF  x8F
001BE:  MOVLW  92
001C0:  MOVWF  x8E
001C2:  RCALL  0144
001C4:  MOVFF  8B,8C
001C8:  MOVLW  0F
001CA:  MOVWF  x8E
001CC:  MOVLW  80
001CE:  MOVWF  x8D
001D0:  BRA    0182
001D2:  MOVLW  00
001D4:  BTFSC  01.0
001D6:  MOVLW  01
001D8:  MOVWF  01
001DA:  RETURN 0
.................... } 
....................  
....................  
.................... #include "Service/sensor_service.c" 
.................... #include "main.h" 
.................... #ifndef MAIN_H 
.................... #define MAIN_H 
....................  
.................... #include <18F2685.h> 
.................... #device HIGH_INTS=TRUE 
.................... //#include <stdio.h> 
....................  
.................... #fuses INTRC_IO, NOWDT, NOLVP, NOBROWNOUT 
.................... #use delay(internal=32MHz)     //Fosc = 32MHz 
....................  
.................... //#use rs232(baud=9600, xmit=PIN_C6, rcv=PIN_C7) 
....................  
.................... //define GPIO PIN_OUT 
.................... #define     IR0_SENSOR        PIN_C1      //phai 
.................... #define     IR1_SENSOR        PIN_C2      //giua 
.................... #define     IR2_SENSOR        PIN_C4      //trai 
.................... #define     PI_SENSOR         PIN_A3 
.................... #define     BUTTON            PIN_C6 
.................... #define     MOTOR1            PIN_C7 
.................... #define     MOTOR2            PIN_B5 
.................... #define     SERVO             PIN_A2 
.................... #define     LED_RED           PIN_A0 
.................... #define     LED_GREEN         PIN_A1 
.................... #define     ANT2              PIN_B0 
.................... #define     ANT1              PIN_B1 
.................... #define     BNT2              PIN_B3 
.................... #define     BNT1              PIN_B4 
.................... #define     STBY              PIN_B2 
....................  
.................... #define     LINE_BLACK              1 
.................... #define     LINE_WHITE              0 
.................... #define     PI_BLOCKED              1 
.................... #define     PI_UNBLOCKED            0 
.................... #define     SERVO_PERIOD_TICK       400 
.................... #define     MOTOR_MAX_DUTY          10 
.................... #define     MOTOR_DUTY_FORWARD_3    6 
.................... #define     MOTOR_DUTY_FORWARD_2    2 
.................... #define     MOTOR_DUTY_FORWARD_1    1 
.................... #define     MOTOR_DUTY_BACKWARD     5 
.................... #define     MOTOR_DUTY_TURNRIGHT    4   
.................... #define     PI_CONFIRM_TIME         1000 //1s 
.................... #define     LINE_ERR_TIMEOUT        3000 //1s 
.................... #define     TIME_FORWARD_MAX        50   //0.2s 
.................... #define     TIME_RUN_MAX            3000 //10s 
.................... #define     REVERSE_TIMEOUT         1000//1s    
.................... #define     TURNRIGHT_MIN_TIME      500 //0.5s 
....................  
.................... extern volatile int16 pickup_timeout; 
.................... extern volatile int16 drop_timeout; 
.................... //MOTOR state 
.................... typedef enum Motor_Direct { 
....................    M_FORWARD, 
....................    M_BACKWARD, 
....................    M_STOP, 
....................    M_TURNRIGHT 
.................... } MotorDirect_t; 
....................  
.................... //State machine 
....................  
.................... typedef enum FSM { 
....................    STATE_INITIALIZE, 
....................    STATE_LINE_FOLLOWING, 
....................    STATE_PICK_BALL, 
....................    STATE_REVERSE, 
....................    STATE_TURN_RIGHT, 
....................    STATE_DROP_BALL, 
....................    STATE_OUT_LINE, 
....................    STATE_CHECK_POINT, 
....................    STATE_RETURN_TO_START 
.................... }RobotState_t; 
....................  
....................  
.................... typedef struct { 
....................     RobotState_t current; 
.................... } State_t; 
....................  
.................... typedef struct { 
....................     int8 S0, S1, S2;      // IR 
....................     int8 PI_state; 
....................     int8 btn_checkpoint; 
....................     int8 ir_last_state; 
.................... } Input_t; 
....................  
.................... typedef struct { 
....................     int32 t_err;         
....................     int32 t_pickup;       
....................     int32 t_reverse;        
....................     int32 t_turnright; 
....................     int32 t_dropball;         
....................     int32 t_servo_pulse;    
....................     int32 t_pi; 
....................     int32 t_run; 
....................     int32 t_forward; 
.................... } Timing_t; 
....................  
.................... typedef struct { 
....................     int1 pick_ball; 
....................     int1 drop_ball; 
....................     int1 pick_turn_flag; 
....................     int1 drop_turn_flag; 
....................     int1 round; 
....................     int1 servo_done; 
....................     int1 forward_flag; 
.................... } Flags_t; 
....................  
.................... typedef struct { 
....................    State_t state; 
....................    Input_t input; 
....................    Timing_t time; 
....................    Flags_t flag; 
.................... } RobotContext_t; 
....................  
....................  
.................... typedef enum IR { 
....................    IR_LEFT, 
....................    IR_CENTER, 
....................    IR_RIGHT 
.................... }IR_t; 
....................  
.................... extern volatile RobotContext_t ctx; 
....................  
.................... //PWM variable 
.................... extern volatile int8 left_duty, right_duty; 
.................... extern volatile unsigned int16 servo_duty; 
.................... extern volatile int8 pwm_motor_count; 
.................... extern volatile unsigned int16 pwm_servo_count; 
....................  
.................... extern volatile int8  g_S0, g_S1, g_S2, g_PI; 
.................... extern volatile int8  g_button_checkpoint; 
....................  
.................... //Function Driver layer 
.................... void timer0_init (); 
.................... void timer1_init (); 
.................... void Interrupt_Init(void); 
.................... void Timer0_isr(); 
.................... void Timer1_isr(); 
.................... void Motor_Init(void); 
.................... void Motor_Direct(MotorDirect_t direct); 
.................... void Motor_SetLeftDuty(int8 duty); 
.................... void Motor_SetRightDuty(int8 duty); 
.................... void Servo_Init(); 
.................... void Servo_SetPulse(int16 pulse_us); 
.................... void GPIO_WritePin(int8 pin, int1 value); 
.................... void LED_Init(void); 
.................... void LED_Green_On(void); 
.................... void LED_Green_Off(void); 
.................... void LED_Red_Toggle(void); 
.................... void LED_Red_Off(void); 
.................... void LED_All_Off(void); 
.................... int1 PI_Sensor_Read(void); 
.................... int1 PI_Confirm(RobotContext_t *ctx); 
.................... void IR_Sensor_Read(int1 *s0, int1 *s1, int1 *s2); 
.................... int1 Button_Read(int8 pin); 
.................... void GPIO_Init(void); 
.................... int1 GPIO_ReadPin(int8 pin); 
.................... void Sensor_State_Update(); 
.................... void Motion_Forward(int8 left, int8 right); 
.................... void Motion_Backward(int8 left, int8 right); 
.................... void Motion_TurnRight(void); 
.................... void Motion_Stop(void); 
.................... void ServoService_Rotate(int8 angle); 
....................  
....................  
....................  
....................  
.................... //Function Application layer 
.................... void Function_Initialize(RobotContext_t *ctx); 
.................... void Function_LineFollow(RobotContext_t *ctx); 
.................... void Function_PickBall(RobotContext_t *ctx); 
.................... void Function_Reverse(RobotContext_t *ctx); 
.................... void Function_TurnRight(RobotContext_t *ctx); 
.................... void Function_DropBall(RobotContext_t *ctx); 
.................... void Function_OutLine(RobotContext_t *ctx); 
.................... void Function_Checkpoint(RobotContext_t *ctx); 
.................... void Function_ReturnToStart(RobotContext_t *ctx); 
.................... //void Reset_Flag(RobotContext_t *ctx); 
.................... void App_Init(void); 
.................... void FSM_Run(RobotContext_t *ctx); 
.................... void RobotContext_Init(RobotContext_t *ctx); 
....................  
....................  
.................... #endif 
....................  
....................  
.................... void Sensor_State_Update() 
.................... { 
....................     disable_interrupts(INT_TIMER0); 
*
00882:  BCF    FF2.5
....................     ctx.input.S0 = g_S0; 
00884:  MOVFF  62,30
....................     ctx.input.S1 = g_S1; 
00888:  MOVFF  63,31
....................     ctx.input.S2 = g_S2; 
0088C:  MOVFF  64,32
....................     ctx.input.PI_state  = g_PI; 
00890:  MOVFF  65,33
....................     ctx.input.btn_checkpoint  = g_button_checkpoint; 
00894:  MOVFF  66,34
....................  
....................     enable_interrupts(INT_TIMER0); 
00898:  BSF    FF2.5
0089A:  GOTO   14A2 (RETURN)
.................... } 
....................  
.................... #include "Service/motion_service.c" 
.................... #include "main.h" 
.................... #ifndef MAIN_H 
.................... #define MAIN_H 
....................  
.................... #include <18F2685.h> 
.................... #device HIGH_INTS=TRUE 
.................... //#include <stdio.h> 
....................  
.................... #fuses INTRC_IO, NOWDT, NOLVP, NOBROWNOUT 
.................... #use delay(internal=32MHz)     //Fosc = 32MHz 
....................  
.................... //#use rs232(baud=9600, xmit=PIN_C6, rcv=PIN_C7) 
....................  
.................... //define GPIO PIN_OUT 
.................... #define     IR0_SENSOR        PIN_C1      //phai 
.................... #define     IR1_SENSOR        PIN_C2      //giua 
.................... #define     IR2_SENSOR        PIN_C4      //trai 
.................... #define     PI_SENSOR         PIN_A3 
.................... #define     BUTTON            PIN_C6 
.................... #define     MOTOR1            PIN_C7 
.................... #define     MOTOR2            PIN_B5 
.................... #define     SERVO             PIN_A2 
.................... #define     LED_RED           PIN_A0 
.................... #define     LED_GREEN         PIN_A1 
.................... #define     ANT2              PIN_B0 
.................... #define     ANT1              PIN_B1 
.................... #define     BNT2              PIN_B3 
.................... #define     BNT1              PIN_B4 
.................... #define     STBY              PIN_B2 
....................  
.................... #define     LINE_BLACK              1 
.................... #define     LINE_WHITE              0 
.................... #define     PI_BLOCKED              1 
.................... #define     PI_UNBLOCKED            0 
.................... #define     SERVO_PERIOD_TICK       400 
.................... #define     MOTOR_MAX_DUTY          10 
.................... #define     MOTOR_DUTY_FORWARD_3    6 
.................... #define     MOTOR_DUTY_FORWARD_2    2 
.................... #define     MOTOR_DUTY_FORWARD_1    1 
.................... #define     MOTOR_DUTY_BACKWARD     5 
.................... #define     MOTOR_DUTY_TURNRIGHT    4   
.................... #define     PI_CONFIRM_TIME         1000 //1s 
.................... #define     LINE_ERR_TIMEOUT        3000 //1s 
.................... #define     TIME_FORWARD_MAX        50   //0.2s 
.................... #define     TIME_RUN_MAX            3000 //10s 
.................... #define     REVERSE_TIMEOUT         1000//1s    
.................... #define     TURNRIGHT_MIN_TIME      500 //0.5s 
....................  
.................... extern volatile int16 pickup_timeout; 
.................... extern volatile int16 drop_timeout; 
.................... //MOTOR state 
.................... typedef enum Motor_Direct { 
....................    M_FORWARD, 
....................    M_BACKWARD, 
....................    M_STOP, 
....................    M_TURNRIGHT 
.................... } MotorDirect_t; 
....................  
.................... //State machine 
....................  
.................... typedef enum FSM { 
....................    STATE_INITIALIZE, 
....................    STATE_LINE_FOLLOWING, 
....................    STATE_PICK_BALL, 
....................    STATE_REVERSE, 
....................    STATE_TURN_RIGHT, 
....................    STATE_DROP_BALL, 
....................    STATE_OUT_LINE, 
....................    STATE_CHECK_POINT, 
....................    STATE_RETURN_TO_START 
.................... }RobotState_t; 
....................  
....................  
.................... typedef struct { 
....................     RobotState_t current; 
.................... } State_t; 
....................  
.................... typedef struct { 
....................     int8 S0, S1, S2;      // IR 
....................     int8 PI_state; 
....................     int8 btn_checkpoint; 
....................     int8 ir_last_state; 
.................... } Input_t; 
....................  
.................... typedef struct { 
....................     int32 t_err;         
....................     int32 t_pickup;       
....................     int32 t_reverse;        
....................     int32 t_turnright; 
....................     int32 t_dropball;         
....................     int32 t_servo_pulse;    
....................     int32 t_pi; 
....................     int32 t_run; 
....................     int32 t_forward; 
.................... } Timing_t; 
....................  
.................... typedef struct { 
....................     int1 pick_ball; 
....................     int1 drop_ball; 
....................     int1 pick_turn_flag; 
....................     int1 drop_turn_flag; 
....................     int1 round; 
....................     int1 servo_done; 
....................     int1 forward_flag; 
.................... } Flags_t; 
....................  
.................... typedef struct { 
....................    State_t state; 
....................    Input_t input; 
....................    Timing_t time; 
....................    Flags_t flag; 
.................... } RobotContext_t; 
....................  
....................  
.................... typedef enum IR { 
....................    IR_LEFT, 
....................    IR_CENTER, 
....................    IR_RIGHT 
.................... }IR_t; 
....................  
.................... extern volatile RobotContext_t ctx; 
....................  
.................... //PWM variable 
.................... extern volatile int8 left_duty, right_duty; 
.................... extern volatile unsigned int16 servo_duty; 
.................... extern volatile int8 pwm_motor_count; 
.................... extern volatile unsigned int16 pwm_servo_count; 
....................  
.................... extern volatile int8  g_S0, g_S1, g_S2, g_PI; 
.................... extern volatile int8  g_button_checkpoint; 
....................  
.................... //Function Driver layer 
.................... void timer0_init (); 
.................... void timer1_init (); 
.................... void Interrupt_Init(void); 
.................... void Timer0_isr(); 
.................... void Timer1_isr(); 
.................... void Motor_Init(void); 
.................... void Motor_Direct(MotorDirect_t direct); 
.................... void Motor_SetLeftDuty(int8 duty); 
.................... void Motor_SetRightDuty(int8 duty); 
.................... void Servo_Init(); 
.................... void Servo_SetPulse(int16 pulse_us); 
.................... void GPIO_WritePin(int8 pin, int1 value); 
.................... void LED_Init(void); 
.................... void LED_Green_On(void); 
.................... void LED_Green_Off(void); 
.................... void LED_Red_Toggle(void); 
.................... void LED_Red_Off(void); 
.................... void LED_All_Off(void); 
.................... int1 PI_Sensor_Read(void); 
.................... int1 PI_Confirm(RobotContext_t *ctx); 
.................... void IR_Sensor_Read(int1 *s0, int1 *s1, int1 *s2); 
.................... int1 Button_Read(int8 pin); 
.................... void GPIO_Init(void); 
.................... int1 GPIO_ReadPin(int8 pin); 
.................... void Sensor_State_Update(); 
.................... void Motion_Forward(int8 left, int8 right); 
.................... void Motion_Backward(int8 left, int8 right); 
.................... void Motion_TurnRight(void); 
.................... void Motion_Stop(void); 
.................... void ServoService_Rotate(int8 angle); 
....................  
....................  
....................  
....................  
.................... //Function Application layer 
.................... void Function_Initialize(RobotContext_t *ctx); 
.................... void Function_LineFollow(RobotContext_t *ctx); 
.................... void Function_PickBall(RobotContext_t *ctx); 
.................... void Function_Reverse(RobotContext_t *ctx); 
.................... void Function_TurnRight(RobotContext_t *ctx); 
.................... void Function_DropBall(RobotContext_t *ctx); 
.................... void Function_OutLine(RobotContext_t *ctx); 
.................... void Function_Checkpoint(RobotContext_t *ctx); 
.................... void Function_ReturnToStart(RobotContext_t *ctx); 
.................... //void Reset_Flag(RobotContext_t *ctx); 
.................... void App_Init(void); 
.................... void FSM_Run(RobotContext_t *ctx); 
.................... void RobotContext_Init(RobotContext_t *ctx); 
....................  
....................  
.................... #endif 
....................  
....................  
.................... void Motion_Forward(int8 left, int8 right) 
.................... { 
....................    output_high(STBY); 
*
009AA:  BCF    F93.2
009AC:  BSF    F8A.2
....................    Motor_Direct(M_FORWARD); 
009AE:  CLRF   x6E
009B0:  RCALL  089E
....................  
....................    Motor_SetLeftDuty(left); 
009B2:  MOVFF  6C,6E
009B6:  RCALL  08F6
....................    Motor_SetRightDuty(right); 
009B8:  MOVFF  6D,6E
009BC:  RCALL  0906
009BE:  RETURN 0
.................... } 
....................  
....................  
.................... void Motion_TurnRight(void) 
.................... { 
....................    output_high(STBY); 
*
00C24:  BCF    F93.2
00C26:  BSF    F8A.2
....................    Motor_Direct(M_TURNRIGHT); 
00C28:  MOVLW  03
00C2A:  MOVWF  x6E
00C2C:  RCALL  089E
....................  
....................    Motor_SetLeftDuty(MOTOR_DUTY_TURNRIGHT); 
00C2E:  MOVLW  04
00C30:  MOVWF  x6E
00C32:  RCALL  08F6
....................    Motor_SetRightDuty(MOTOR_DUTY_TURNRIGHT); 
00C34:  MOVLW  04
00C36:  MOVWF  x6E
00C38:  RCALL  0906
00C3A:  GOTO   0C98 (RETURN)
.................... } 
....................  
....................  
.................... void Motion_Backward(int8 left, int8 right) 
.................... { 
....................    output_high(STBY); 
*
00B9E:  BCF    F93.2
00BA0:  BSF    F8A.2
....................    Motor_Direct(M_BACKWARD); 
00BA2:  MOVLW  01
00BA4:  MOVWF  x6E
00BA6:  RCALL  089E
....................  
....................    Motor_SetLeftDuty(left); 
00BA8:  MOVFF  6B,6E
00BAC:  RCALL  08F6
....................    Motor_SetRightDuty(right); 
00BAE:  MOVFF  6C,6E
00BB2:  RCALL  0906
00BB4:  GOTO   0BC0 (RETURN)
.................... } 
....................  
....................  
.................... void Motion_Stop(void) 
.................... { 
....................    output_high(STBY); 
*
00916:  BCF    F93.2
00918:  BSF    F8A.2
....................    Motor_Direct(M_STOP); 
0091A:  MOVLW  02
0091C:  MOVWF  x6E
0091E:  RCALL  089E
....................  
....................    Motor_SetLeftDuty(0); 
00920:  CLRF   x6E
00922:  RCALL  08F6
....................    Motor_SetRightDuty(0); 
00924:  CLRF   x6E
00926:  RCALL  0906
00928:  RETURN 0
.................... } 
....................  
.................... #include "Service/servo_service.c" 
.................... #include "main.h" 
.................... #ifndef MAIN_H 
.................... #define MAIN_H 
....................  
.................... #include <18F2685.h> 
.................... #device HIGH_INTS=TRUE 
.................... //#include <stdio.h> 
....................  
.................... #fuses INTRC_IO, NOWDT, NOLVP, NOBROWNOUT 
.................... #use delay(internal=32MHz)     //Fosc = 32MHz 
....................  
.................... //#use rs232(baud=9600, xmit=PIN_C6, rcv=PIN_C7) 
....................  
.................... //define GPIO PIN_OUT 
.................... #define     IR0_SENSOR        PIN_C1      //phai 
.................... #define     IR1_SENSOR        PIN_C2      //giua 
.................... #define     IR2_SENSOR        PIN_C4      //trai 
.................... #define     PI_SENSOR         PIN_A3 
.................... #define     BUTTON            PIN_C6 
.................... #define     MOTOR1            PIN_C7 
.................... #define     MOTOR2            PIN_B5 
.................... #define     SERVO             PIN_A2 
.................... #define     LED_RED           PIN_A0 
.................... #define     LED_GREEN         PIN_A1 
.................... #define     ANT2              PIN_B0 
.................... #define     ANT1              PIN_B1 
.................... #define     BNT2              PIN_B3 
.................... #define     BNT1              PIN_B4 
.................... #define     STBY              PIN_B2 
....................  
.................... #define     LINE_BLACK              1 
.................... #define     LINE_WHITE              0 
.................... #define     PI_BLOCKED              1 
.................... #define     PI_UNBLOCKED            0 
.................... #define     SERVO_PERIOD_TICK       400 
.................... #define     MOTOR_MAX_DUTY          10 
.................... #define     MOTOR_DUTY_FORWARD_3    6 
.................... #define     MOTOR_DUTY_FORWARD_2    2 
.................... #define     MOTOR_DUTY_FORWARD_1    1 
.................... #define     MOTOR_DUTY_BACKWARD     5 
.................... #define     MOTOR_DUTY_TURNRIGHT    4   
.................... #define     PI_CONFIRM_TIME         1000 //1s 
.................... #define     LINE_ERR_TIMEOUT        3000 //1s 
.................... #define     TIME_FORWARD_MAX        50   //0.2s 
.................... #define     TIME_RUN_MAX            3000 //10s 
.................... #define     REVERSE_TIMEOUT         1000//1s    
.................... #define     TURNRIGHT_MIN_TIME      500 //0.5s 
....................  
.................... extern volatile int16 pickup_timeout; 
.................... extern volatile int16 drop_timeout; 
.................... //MOTOR state 
.................... typedef enum Motor_Direct { 
....................    M_FORWARD, 
....................    M_BACKWARD, 
....................    M_STOP, 
....................    M_TURNRIGHT 
.................... } MotorDirect_t; 
....................  
.................... //State machine 
....................  
.................... typedef enum FSM { 
....................    STATE_INITIALIZE, 
....................    STATE_LINE_FOLLOWING, 
....................    STATE_PICK_BALL, 
....................    STATE_REVERSE, 
....................    STATE_TURN_RIGHT, 
....................    STATE_DROP_BALL, 
....................    STATE_OUT_LINE, 
....................    STATE_CHECK_POINT, 
....................    STATE_RETURN_TO_START 
.................... }RobotState_t; 
....................  
....................  
.................... typedef struct { 
....................     RobotState_t current; 
.................... } State_t; 
....................  
.................... typedef struct { 
....................     int8 S0, S1, S2;      // IR 
....................     int8 PI_state; 
....................     int8 btn_checkpoint; 
....................     int8 ir_last_state; 
.................... } Input_t; 
....................  
.................... typedef struct { 
....................     int32 t_err;         
....................     int32 t_pickup;       
....................     int32 t_reverse;        
....................     int32 t_turnright; 
....................     int32 t_dropball;         
....................     int32 t_servo_pulse;    
....................     int32 t_pi; 
....................     int32 t_run; 
....................     int32 t_forward; 
.................... } Timing_t; 
....................  
.................... typedef struct { 
....................     int1 pick_ball; 
....................     int1 drop_ball; 
....................     int1 pick_turn_flag; 
....................     int1 drop_turn_flag; 
....................     int1 round; 
....................     int1 servo_done; 
....................     int1 forward_flag; 
.................... } Flags_t; 
....................  
.................... typedef struct { 
....................    State_t state; 
....................    Input_t input; 
....................    Timing_t time; 
....................    Flags_t flag; 
.................... } RobotContext_t; 
....................  
....................  
.................... typedef enum IR { 
....................    IR_LEFT, 
....................    IR_CENTER, 
....................    IR_RIGHT 
.................... }IR_t; 
....................  
.................... extern volatile RobotContext_t ctx; 
....................  
.................... //PWM variable 
.................... extern volatile int8 left_duty, right_duty; 
.................... extern volatile unsigned int16 servo_duty; 
.................... extern volatile int8 pwm_motor_count; 
.................... extern volatile unsigned int16 pwm_servo_count; 
....................  
.................... extern volatile int8  g_S0, g_S1, g_S2, g_PI; 
.................... extern volatile int8  g_button_checkpoint; 
....................  
.................... //Function Driver layer 
.................... void timer0_init (); 
.................... void timer1_init (); 
.................... void Interrupt_Init(void); 
.................... void Timer0_isr(); 
.................... void Timer1_isr(); 
.................... void Motor_Init(void); 
.................... void Motor_Direct(MotorDirect_t direct); 
.................... void Motor_SetLeftDuty(int8 duty); 
.................... void Motor_SetRightDuty(int8 duty); 
.................... void Servo_Init(); 
.................... void Servo_SetPulse(int16 pulse_us); 
.................... void GPIO_WritePin(int8 pin, int1 value); 
.................... void LED_Init(void); 
.................... void LED_Green_On(void); 
.................... void LED_Green_Off(void); 
.................... void LED_Red_Toggle(void); 
.................... void LED_Red_Off(void); 
.................... void LED_All_Off(void); 
.................... int1 PI_Sensor_Read(void); 
.................... int1 PI_Confirm(RobotContext_t *ctx); 
.................... void IR_Sensor_Read(int1 *s0, int1 *s1, int1 *s2); 
.................... int1 Button_Read(int8 pin); 
.................... void GPIO_Init(void); 
.................... int1 GPIO_ReadPin(int8 pin); 
.................... void Sensor_State_Update(); 
.................... void Motion_Forward(int8 left, int8 right); 
.................... void Motion_Backward(int8 left, int8 right); 
.................... void Motion_TurnRight(void); 
.................... void Motion_Stop(void); 
.................... void ServoService_Rotate(int8 angle); 
....................  
....................  
....................  
....................  
.................... //Function Application layer 
.................... void Function_Initialize(RobotContext_t *ctx); 
.................... void Function_LineFollow(RobotContext_t *ctx); 
.................... void Function_PickBall(RobotContext_t *ctx); 
.................... void Function_Reverse(RobotContext_t *ctx); 
.................... void Function_TurnRight(RobotContext_t *ctx); 
.................... void Function_DropBall(RobotContext_t *ctx); 
.................... void Function_OutLine(RobotContext_t *ctx); 
.................... void Function_Checkpoint(RobotContext_t *ctx); 
.................... void Function_ReturnToStart(RobotContext_t *ctx); 
.................... //void Reset_Flag(RobotContext_t *ctx); 
.................... void App_Init(void); 
.................... void FSM_Run(RobotContext_t *ctx); 
.................... void RobotContext_Init(RobotContext_t *ctx); 
....................  
....................  
.................... #endif 
....................  
....................  
....................  
.................... #define SERVO_PULSE_MIN_US   500 
.................... #define SERVO_PULSE_MAX_US   2500 
.................... #define SERVO_ANGLE_MAX      180 
....................  
.................... void ServoService_Rotate(unsigned int8 angle) 
.................... { 
....................     int16 pulse_us; 
....................  
....................     if(angle > SERVO_ANGLE_MAX) 
*
007EC:  MOVF   x6B,W
007EE:  SUBLW  B4
007F0:  BC    07F6
....................     { 
....................         angle = SERVO_ANGLE_MAX; 
007F2:  MOVLW  B4
007F4:  MOVWF  x6B
....................     } 
....................  
....................     pulse_us = SERVO_PULSE_MIN_US + ((int32)angle * (SERVO_PULSE_MAX_US - SERVO_PULSE_MIN_US)) / SERVO_ANGLE_MAX; 
007F6:  CLRF   x71
007F8:  CLRF   x70
007FA:  CLRF   x6F
007FC:  MOVFF  6B,6E
00800:  MOVFF  71,75
00804:  MOVFF  70,74
00808:  MOVFF  6F,73
0080C:  MOVFF  6B,72
00810:  CLRF   x79
00812:  CLRF   x78
00814:  MOVLW  07
00816:  MOVWF  x77
00818:  MOVLW  D0
0081A:  MOVWF  x76
0081C:  BRA    066E
0081E:  MOVFF  03,71
00822:  MOVFF  02,70
00826:  MOVFF  01,6F
0082A:  MOVFF  00,6E
0082E:  BCF    FD8.1
00830:  MOVFF  03,75
00834:  MOVFF  02,74
00838:  MOVFF  01,73
0083C:  MOVFF  00,72
00840:  CLRF   x79
00842:  CLRF   x78
00844:  CLRF   x77
00846:  MOVLW  B4
00848:  MOVWF  x76
0084A:  BRA    06C4
0084C:  MOVLW  F4
0084E:  ADDWF  00,W
00850:  MOVWF  x6C
00852:  MOVLW  01
00854:  ADDWFC 01,W
00856:  MOVWF  x6D
....................  
....................     Servo_SetPulse(pulse_us); 
00858:  MOVFF  6D,6F
0085C:  MOVFF  6C,6E
00860:  BRA    0798
00862:  RETURN 0
.................... } 
....................  
....................  
.................... #include "Application/state_initialize.c" 
.................... #include "main.h" 
.................... #ifndef MAIN_H 
.................... #define MAIN_H 
....................  
.................... #include <18F2685.h> 
.................... #device HIGH_INTS=TRUE 
.................... //#include <stdio.h> 
....................  
.................... #fuses INTRC_IO, NOWDT, NOLVP, NOBROWNOUT 
.................... #use delay(internal=32MHz)     //Fosc = 32MHz 
....................  
.................... //#use rs232(baud=9600, xmit=PIN_C6, rcv=PIN_C7) 
....................  
.................... //define GPIO PIN_OUT 
.................... #define     IR0_SENSOR        PIN_C1      //phai 
.................... #define     IR1_SENSOR        PIN_C2      //giua 
.................... #define     IR2_SENSOR        PIN_C4      //trai 
.................... #define     PI_SENSOR         PIN_A3 
.................... #define     BUTTON            PIN_C6 
.................... #define     MOTOR1            PIN_C7 
.................... #define     MOTOR2            PIN_B5 
.................... #define     SERVO             PIN_A2 
.................... #define     LED_RED           PIN_A0 
.................... #define     LED_GREEN         PIN_A1 
.................... #define     ANT2              PIN_B0 
.................... #define     ANT1              PIN_B1 
.................... #define     BNT2              PIN_B3 
.................... #define     BNT1              PIN_B4 
.................... #define     STBY              PIN_B2 
....................  
.................... #define     LINE_BLACK              1 
.................... #define     LINE_WHITE              0 
.................... #define     PI_BLOCKED              1 
.................... #define     PI_UNBLOCKED            0 
.................... #define     SERVO_PERIOD_TICK       400 
.................... #define     MOTOR_MAX_DUTY          10 
.................... #define     MOTOR_DUTY_FORWARD_3    6 
.................... #define     MOTOR_DUTY_FORWARD_2    2 
.................... #define     MOTOR_DUTY_FORWARD_1    1 
.................... #define     MOTOR_DUTY_BACKWARD     5 
.................... #define     MOTOR_DUTY_TURNRIGHT    4   
.................... #define     PI_CONFIRM_TIME         1000 //1s 
.................... #define     LINE_ERR_TIMEOUT        3000 //1s 
.................... #define     TIME_FORWARD_MAX        50   //0.2s 
.................... #define     TIME_RUN_MAX            3000 //10s 
.................... #define     REVERSE_TIMEOUT         1000//1s    
.................... #define     TURNRIGHT_MIN_TIME      500 //0.5s 
....................  
.................... extern volatile int16 pickup_timeout; 
.................... extern volatile int16 drop_timeout; 
.................... //MOTOR state 
.................... typedef enum Motor_Direct { 
....................    M_FORWARD, 
....................    M_BACKWARD, 
....................    M_STOP, 
....................    M_TURNRIGHT 
.................... } MotorDirect_t; 
....................  
.................... //State machine 
....................  
.................... typedef enum FSM { 
....................    STATE_INITIALIZE, 
....................    STATE_LINE_FOLLOWING, 
....................    STATE_PICK_BALL, 
....................    STATE_REVERSE, 
....................    STATE_TURN_RIGHT, 
....................    STATE_DROP_BALL, 
....................    STATE_OUT_LINE, 
....................    STATE_CHECK_POINT, 
....................    STATE_RETURN_TO_START 
.................... }RobotState_t; 
....................  
....................  
.................... typedef struct { 
....................     RobotState_t current; 
.................... } State_t; 
....................  
.................... typedef struct { 
....................     int8 S0, S1, S2;      // IR 
....................     int8 PI_state; 
....................     int8 btn_checkpoint; 
....................     int8 ir_last_state; 
.................... } Input_t; 
....................  
.................... typedef struct { 
....................     int32 t_err;         
....................     int32 t_pickup;       
....................     int32 t_reverse;        
....................     int32 t_turnright; 
....................     int32 t_dropball;         
....................     int32 t_servo_pulse;    
....................     int32 t_pi; 
....................     int32 t_run; 
....................     int32 t_forward; 
.................... } Timing_t; 
....................  
.................... typedef struct { 
....................     int1 pick_ball; 
....................     int1 drop_ball; 
....................     int1 pick_turn_flag; 
....................     int1 drop_turn_flag; 
....................     int1 round; 
....................     int1 servo_done; 
....................     int1 forward_flag; 
.................... } Flags_t; 
....................  
.................... typedef struct { 
....................    State_t state; 
....................    Input_t input; 
....................    Timing_t time; 
....................    Flags_t flag; 
.................... } RobotContext_t; 
....................  
....................  
.................... typedef enum IR { 
....................    IR_LEFT, 
....................    IR_CENTER, 
....................    IR_RIGHT 
.................... }IR_t; 
....................  
.................... extern volatile RobotContext_t ctx; 
....................  
.................... //PWM variable 
.................... extern volatile int8 left_duty, right_duty; 
.................... extern volatile unsigned int16 servo_duty; 
.................... extern volatile int8 pwm_motor_count; 
.................... extern volatile unsigned int16 pwm_servo_count; 
....................  
.................... extern volatile int8  g_S0, g_S1, g_S2, g_PI; 
.................... extern volatile int8  g_button_checkpoint; 
....................  
.................... //Function Driver layer 
.................... void timer0_init (); 
.................... void timer1_init (); 
.................... void Interrupt_Init(void); 
.................... void Timer0_isr(); 
.................... void Timer1_isr(); 
.................... void Motor_Init(void); 
.................... void Motor_Direct(MotorDirect_t direct); 
.................... void Motor_SetLeftDuty(int8 duty); 
.................... void Motor_SetRightDuty(int8 duty); 
.................... void Servo_Init(); 
.................... void Servo_SetPulse(int16 pulse_us); 
.................... void GPIO_WritePin(int8 pin, int1 value); 
.................... void LED_Init(void); 
.................... void LED_Green_On(void); 
.................... void LED_Green_Off(void); 
.................... void LED_Red_Toggle(void); 
.................... void LED_Red_Off(void); 
.................... void LED_All_Off(void); 
.................... int1 PI_Sensor_Read(void); 
.................... int1 PI_Confirm(RobotContext_t *ctx); 
.................... void IR_Sensor_Read(int1 *s0, int1 *s1, int1 *s2); 
.................... int1 Button_Read(int8 pin); 
.................... void GPIO_Init(void); 
.................... int1 GPIO_ReadPin(int8 pin); 
.................... void Sensor_State_Update(); 
.................... void Motion_Forward(int8 left, int8 right); 
.................... void Motion_Backward(int8 left, int8 right); 
.................... void Motion_TurnRight(void); 
.................... void Motion_Stop(void); 
.................... void ServoService_Rotate(int8 angle); 
....................  
....................  
....................  
....................  
.................... //Function Application layer 
.................... void Function_Initialize(RobotContext_t *ctx); 
.................... void Function_LineFollow(RobotContext_t *ctx); 
.................... void Function_PickBall(RobotContext_t *ctx); 
.................... void Function_Reverse(RobotContext_t *ctx); 
.................... void Function_TurnRight(RobotContext_t *ctx); 
.................... void Function_DropBall(RobotContext_t *ctx); 
.................... void Function_OutLine(RobotContext_t *ctx); 
.................... void Function_Checkpoint(RobotContext_t *ctx); 
.................... void Function_ReturnToStart(RobotContext_t *ctx); 
.................... //void Reset_Flag(RobotContext_t *ctx); 
.................... void App_Init(void); 
.................... void FSM_Run(RobotContext_t *ctx); 
.................... void RobotContext_Init(RobotContext_t *ctx); 
....................  
....................  
.................... #endif 
....................  
....................  
....................  
.................... void Function_Initialize(RobotContext_t *ctx) 
.................... { 
....................     //printf("Initialize\r\n"); 
....................     Motion_Stop(); 
*
0093E:  RCALL  0916
....................     LED_Green_On(); 
00940:  RCALL  092A
....................     LED_Red_Off(); 
00942:  RCALL  0934
....................     ctx->state.current = STATE_LINE_FOLLOWING; 
00944:  MOVFF  69,FE9
00948:  MOVFF  6A,FEA
0094C:  MOVLW  01
0094E:  MOVWF  FEF
00950:  GOTO   1440 (RETURN)
.................... } 
....................  
.................... #include "Application/state_line_follow.c" 
.................... #include "main.h" 
.................... #ifndef MAIN_H 
.................... #define MAIN_H 
....................  
.................... #include <18F2685.h> 
.................... #device HIGH_INTS=TRUE 
.................... //#include <stdio.h> 
....................  
.................... #fuses INTRC_IO, NOWDT, NOLVP, NOBROWNOUT 
.................... #use delay(internal=32MHz)     //Fosc = 32MHz 
....................  
.................... //#use rs232(baud=9600, xmit=PIN_C6, rcv=PIN_C7) 
....................  
.................... //define GPIO PIN_OUT 
.................... #define     IR0_SENSOR        PIN_C1      //phai 
.................... #define     IR1_SENSOR        PIN_C2      //giua 
.................... #define     IR2_SENSOR        PIN_C4      //trai 
.................... #define     PI_SENSOR         PIN_A3 
.................... #define     BUTTON            PIN_C6 
.................... #define     MOTOR1            PIN_C7 
.................... #define     MOTOR2            PIN_B5 
.................... #define     SERVO             PIN_A2 
.................... #define     LED_RED           PIN_A0 
.................... #define     LED_GREEN         PIN_A1 
.................... #define     ANT2              PIN_B0 
.................... #define     ANT1              PIN_B1 
.................... #define     BNT2              PIN_B3 
.................... #define     BNT1              PIN_B4 
.................... #define     STBY              PIN_B2 
....................  
.................... #define     LINE_BLACK              1 
.................... #define     LINE_WHITE              0 
.................... #define     PI_BLOCKED              1 
.................... #define     PI_UNBLOCKED            0 
.................... #define     SERVO_PERIOD_TICK       400 
.................... #define     MOTOR_MAX_DUTY          10 
.................... #define     MOTOR_DUTY_FORWARD_3    6 
.................... #define     MOTOR_DUTY_FORWARD_2    2 
.................... #define     MOTOR_DUTY_FORWARD_1    1 
.................... #define     MOTOR_DUTY_BACKWARD     5 
.................... #define     MOTOR_DUTY_TURNRIGHT    4   
.................... #define     PI_CONFIRM_TIME         1000 //1s 
.................... #define     LINE_ERR_TIMEOUT        3000 //1s 
.................... #define     TIME_FORWARD_MAX        50   //0.2s 
.................... #define     TIME_RUN_MAX            3000 //10s 
.................... #define     REVERSE_TIMEOUT         1000//1s    
.................... #define     TURNRIGHT_MIN_TIME      500 //0.5s 
....................  
.................... extern volatile int16 pickup_timeout; 
.................... extern volatile int16 drop_timeout; 
.................... //MOTOR state 
.................... typedef enum Motor_Direct { 
....................    M_FORWARD, 
....................    M_BACKWARD, 
....................    M_STOP, 
....................    M_TURNRIGHT 
.................... } MotorDirect_t; 
....................  
.................... //State machine 
....................  
.................... typedef enum FSM { 
....................    STATE_INITIALIZE, 
....................    STATE_LINE_FOLLOWING, 
....................    STATE_PICK_BALL, 
....................    STATE_REVERSE, 
....................    STATE_TURN_RIGHT, 
....................    STATE_DROP_BALL, 
....................    STATE_OUT_LINE, 
....................    STATE_CHECK_POINT, 
....................    STATE_RETURN_TO_START 
.................... }RobotState_t; 
....................  
....................  
.................... typedef struct { 
....................     RobotState_t current; 
.................... } State_t; 
....................  
.................... typedef struct { 
....................     int8 S0, S1, S2;      // IR 
....................     int8 PI_state; 
....................     int8 btn_checkpoint; 
....................     int8 ir_last_state; 
.................... } Input_t; 
....................  
.................... typedef struct { 
....................     int32 t_err;         
....................     int32 t_pickup;       
....................     int32 t_reverse;        
....................     int32 t_turnright; 
....................     int32 t_dropball;         
....................     int32 t_servo_pulse;    
....................     int32 t_pi; 
....................     int32 t_run; 
....................     int32 t_forward; 
.................... } Timing_t; 
....................  
.................... typedef struct { 
....................     int1 pick_ball; 
....................     int1 drop_ball; 
....................     int1 pick_turn_flag; 
....................     int1 drop_turn_flag; 
....................     int1 round; 
....................     int1 servo_done; 
....................     int1 forward_flag; 
.................... } Flags_t; 
....................  
.................... typedef struct { 
....................    State_t state; 
....................    Input_t input; 
....................    Timing_t time; 
....................    Flags_t flag; 
.................... } RobotContext_t; 
....................  
....................  
.................... typedef enum IR { 
....................    IR_LEFT, 
....................    IR_CENTER, 
....................    IR_RIGHT 
.................... }IR_t; 
....................  
.................... extern volatile RobotContext_t ctx; 
....................  
.................... //PWM variable 
.................... extern volatile int8 left_duty, right_duty; 
.................... extern volatile unsigned int16 servo_duty; 
.................... extern volatile int8 pwm_motor_count; 
.................... extern volatile unsigned int16 pwm_servo_count; 
....................  
.................... extern volatile int8  g_S0, g_S1, g_S2, g_PI; 
.................... extern volatile int8  g_button_checkpoint; 
....................  
.................... //Function Driver layer 
.................... void timer0_init (); 
.................... void timer1_init (); 
.................... void Interrupt_Init(void); 
.................... void Timer0_isr(); 
.................... void Timer1_isr(); 
.................... void Motor_Init(void); 
.................... void Motor_Direct(MotorDirect_t direct); 
.................... void Motor_SetLeftDuty(int8 duty); 
.................... void Motor_SetRightDuty(int8 duty); 
.................... void Servo_Init(); 
.................... void Servo_SetPulse(int16 pulse_us); 
.................... void GPIO_WritePin(int8 pin, int1 value); 
.................... void LED_Init(void); 
.................... void LED_Green_On(void); 
.................... void LED_Green_Off(void); 
.................... void LED_Red_Toggle(void); 
.................... void LED_Red_Off(void); 
.................... void LED_All_Off(void); 
.................... int1 PI_Sensor_Read(void); 
.................... int1 PI_Confirm(RobotContext_t *ctx); 
.................... void IR_Sensor_Read(int1 *s0, int1 *s1, int1 *s2); 
.................... int1 Button_Read(int8 pin); 
.................... void GPIO_Init(void); 
.................... int1 GPIO_ReadPin(int8 pin); 
.................... void Sensor_State_Update(); 
.................... void Motion_Forward(int8 left, int8 right); 
.................... void Motion_Backward(int8 left, int8 right); 
.................... void Motion_TurnRight(void); 
.................... void Motion_Stop(void); 
.................... void ServoService_Rotate(int8 angle); 
....................  
....................  
....................  
....................  
.................... //Function Application layer 
.................... void Function_Initialize(RobotContext_t *ctx); 
.................... void Function_LineFollow(RobotContext_t *ctx); 
.................... void Function_PickBall(RobotContext_t *ctx); 
.................... void Function_Reverse(RobotContext_t *ctx); 
.................... void Function_TurnRight(RobotContext_t *ctx); 
.................... void Function_DropBall(RobotContext_t *ctx); 
.................... void Function_OutLine(RobotContext_t *ctx); 
.................... void Function_Checkpoint(RobotContext_t *ctx); 
.................... void Function_ReturnToStart(RobotContext_t *ctx); 
.................... //void Reset_Flag(RobotContext_t *ctx); 
.................... void App_Init(void); 
.................... void FSM_Run(RobotContext_t *ctx); 
.................... void RobotContext_Init(RobotContext_t *ctx); 
....................  
....................  
.................... #endif 
....................  
....................  
....................  
.................... void Function_LineFollow(RobotContext_t *ctx) 
.................... { 
....................  // printf("Line Follow\r\n"); 
....................    int8 ir_current_state; 
....................    ir_current_state = (ctx->input.S2 << 2) | (ctx->input.S1 << 1) | (ctx->input.S0); 
*
009C0:  MOVLW  03
009C2:  ADDWF  x69,W
009C4:  MOVWF  FE9
009C6:  MOVLW  00
009C8:  ADDWFC x6A,W
009CA:  MOVWF  FEA
009CC:  RLCF   FEF,W
009CE:  MOVWF  x6C
009D0:  RLCF   x6C,F
009D2:  MOVLW  FC
009D4:  ANDWF  x6C,F
009D6:  MOVLW  02
009D8:  ADDWF  x69,W
009DA:  MOVWF  FE9
009DC:  MOVLW  00
009DE:  ADDWFC x6A,W
009E0:  MOVWF  FEA
009E2:  BCF    FD8.0
009E4:  RLCF   FEF,W
009E6:  IORWF  x6C,F
009E8:  MOVLW  01
009EA:  ADDWF  x69,W
009EC:  MOVWF  FE9
009EE:  MOVLW  00
009F0:  ADDWFC x6A,W
009F2:  MOVWF  FEA
009F4:  MOVF   FEF,W
009F6:  IORWF  x6C,W
009F8:  MOVWF  x6B
....................    if (PI_Confirm(ctx)) 
009FA:  MOVFF  6A,6D
009FE:  MOVFF  69,6C
00A02:  BRA    0954
00A04:  MOVF   01,F
00A06:  BZ    0A3A
....................    { 
....................       Motion_Stop(); 
00A08:  RCALL  0916
....................       if (ctx->flag.pick_ball == 0) 
00A0A:  MOVLW  2B
00A0C:  ADDWF  x69,W
00A0E:  MOVWF  FE9
00A10:  MOVLW  00
00A12:  ADDWFC x6A,W
00A14:  MOVWF  FEA
00A16:  MOVF   FEF,W
00A18:  ANDLW  01
00A1A:  BNZ   0A2C
....................       { 
....................          ctx->state.current = STATE_PICK_BALL; 
00A1C:  MOVFF  69,FE9
00A20:  MOVFF  6A,FEA
00A24:  MOVLW  02
00A26:  MOVWF  FEF
....................          return; 
00A28:  BRA    0AEE
....................       } else  
00A2A:  BRA    0A3A
....................       { 
....................          ctx->state.current = STATE_DROP_BALL; 
00A2C:  MOVFF  69,FE9
00A30:  MOVFF  6A,FEA
00A34:  MOVLW  05
00A36:  MOVWF  FEF
....................          return; 
00A38:  BRA    0AEE
....................       } 
....................    } 
....................    if (ir_current_state == 0b000){ 
00A3A:  MOVF   x6B,F
00A3C:  BNZ   0A92
....................       if(ctx->time.t_err > LINE_ERR_TIMEOUT){ 
00A3E:  MOVLW  07
00A40:  ADDWF  x69,W
00A42:  MOVWF  FE9
00A44:  MOVLW  00
00A46:  ADDWFC x6A,W
00A48:  MOVWF  FEA
00A4A:  MOVFF  FEF,6C
00A4E:  MOVFF  FEC,6D
00A52:  MOVFF  FEC,6E
00A56:  MOVFF  FEC,6F
00A5A:  MOVF   x6F,F
00A5C:  BNZ   0A72
00A5E:  MOVF   x6E,F
00A60:  BNZ   0A72
00A62:  MOVF   x6D,W
00A64:  SUBLW  0A
00A66:  BC    0A82
00A68:  XORLW  FF
00A6A:  BNZ   0A72
00A6C:  MOVF   x6C,W
00A6E:  SUBLW  B8
00A70:  BC    0A82
....................          ctx->state.current = STATE_OUT_LINE; 
00A72:  MOVFF  69,FE9
00A76:  MOVF   x6A,W
00A78:  MOVWF  FEA
00A7A:  MOVLW  06
00A7C:  MOVWF  FEF
....................          return; 
00A7E:  BRA    0AEE
....................       } else { 
00A80:  BRA    0A92
....................          ir_current_state = ctx->input.ir_last_state; 
00A82:  MOVLW  06
00A84:  ADDWF  x69,W
00A86:  MOVWF  FE9
00A88:  MOVLW  00
00A8A:  ADDWFC x6A,W
00A8C:  MOVWF  FEA
00A8E:  MOVFF  FEF,6B
....................       } 
....................    } 
....................    switch (ir_current_state){ 
00A92:  MOVF   x6B,W
00A94:  XORLW  03
00A96:  BZ    0AA6
00A98:  XORLW  02
00A9A:  BZ    0AB2
00A9C:  XORLW  07
00A9E:  BZ    0ABE
00AA0:  XORLW  02
00AA2:  BZ    0ACA
00AA4:  BRA    0AD6
....................       case 0b011: 
....................          Motion_Forward(MOTOR_DUTY_FORWARD_3,MOTOR_DUTY_FORWARD_2); 
00AA6:  MOVLW  06
00AA8:  MOVWF  x6C
00AAA:  MOVLW  02
00AAC:  MOVWF  x6D
00AAE:  RCALL  09AA
....................          break; 
00AB0:  BRA    0ADE
....................       case 0b001: 
....................          Motion_Forward(MOTOR_DUTY_FORWARD_3,MOTOR_DUTY_FORWARD_1); 
00AB2:  MOVLW  06
00AB4:  MOVWF  x6C
00AB6:  MOVLW  01
00AB8:  MOVWF  x6D
00ABA:  RCALL  09AA
....................          break; 
00ABC:  BRA    0ADE
....................       case 0b110: 
....................          Motion_Forward(MOTOR_DUTY_FORWARD_2,MOTOR_DUTY_FORWARD_3); 
00ABE:  MOVLW  02
00AC0:  MOVWF  x6C
00AC2:  MOVLW  06
00AC4:  MOVWF  x6D
00AC6:  RCALL  09AA
....................          break; 
00AC8:  BRA    0ADE
....................       case 0b100: 
....................          Motion_Forward(MOTOR_DUTY_FORWARD_1,MOTOR_DUTY_FORWARD_3); 
00ACA:  MOVLW  01
00ACC:  MOVWF  x6C
00ACE:  MOVLW  06
00AD0:  MOVWF  x6D
00AD2:  RCALL  09AA
....................          break; 
00AD4:  BRA    0ADE
....................       default: 
....................          Motion_Forward(MOTOR_DUTY_FORWARD_3,MOTOR_DUTY_FORWARD_3); 
00AD6:  MOVLW  06
00AD8:  MOVWF  x6C
00ADA:  MOVWF  x6D
00ADC:  RCALL  09AA
....................          break; 
....................    } 
....................    ctx->input.ir_last_state = ir_current_state; 
00ADE:  MOVLW  06
00AE0:  ADDWF  x69,W
00AE2:  MOVWF  FE9
00AE4:  MOVLW  00
00AE6:  ADDWFC x6A,W
00AE8:  MOVWF  FEA
00AEA:  MOVFF  6B,FEF
00AEE:  GOTO   1440 (RETURN)
.................... } 
....................  
.................... #include "Application/state_turn_right.c" 
.................... #include "main.h" 
.................... #ifndef MAIN_H 
.................... #define MAIN_H 
....................  
.................... #include <18F2685.h> 
.................... #device HIGH_INTS=TRUE 
.................... //#include <stdio.h> 
....................  
.................... #fuses INTRC_IO, NOWDT, NOLVP, NOBROWNOUT 
.................... #use delay(internal=32MHz)     //Fosc = 32MHz 
....................  
.................... //#use rs232(baud=9600, xmit=PIN_C6, rcv=PIN_C7) 
....................  
.................... //define GPIO PIN_OUT 
.................... #define     IR0_SENSOR        PIN_C1      //phai 
.................... #define     IR1_SENSOR        PIN_C2      //giua 
.................... #define     IR2_SENSOR        PIN_C4      //trai 
.................... #define     PI_SENSOR         PIN_A3 
.................... #define     BUTTON            PIN_C6 
.................... #define     MOTOR1            PIN_C7 
.................... #define     MOTOR2            PIN_B5 
.................... #define     SERVO             PIN_A2 
.................... #define     LED_RED           PIN_A0 
.................... #define     LED_GREEN         PIN_A1 
.................... #define     ANT2              PIN_B0 
.................... #define     ANT1              PIN_B1 
.................... #define     BNT2              PIN_B3 
.................... #define     BNT1              PIN_B4 
.................... #define     STBY              PIN_B2 
....................  
.................... #define     LINE_BLACK              1 
.................... #define     LINE_WHITE              0 
.................... #define     PI_BLOCKED              1 
.................... #define     PI_UNBLOCKED            0 
.................... #define     SERVO_PERIOD_TICK       400 
.................... #define     MOTOR_MAX_DUTY          10 
.................... #define     MOTOR_DUTY_FORWARD_3    6 
.................... #define     MOTOR_DUTY_FORWARD_2    2 
.................... #define     MOTOR_DUTY_FORWARD_1    1 
.................... #define     MOTOR_DUTY_BACKWARD     5 
.................... #define     MOTOR_DUTY_TURNRIGHT    4   
.................... #define     PI_CONFIRM_TIME         1000 //1s 
.................... #define     LINE_ERR_TIMEOUT        3000 //1s 
.................... #define     TIME_FORWARD_MAX        50   //0.2s 
.................... #define     TIME_RUN_MAX            3000 //10s 
.................... #define     REVERSE_TIMEOUT         1000//1s    
.................... #define     TURNRIGHT_MIN_TIME      500 //0.5s 
....................  
.................... extern volatile int16 pickup_timeout; 
.................... extern volatile int16 drop_timeout; 
.................... //MOTOR state 
.................... typedef enum Motor_Direct { 
....................    M_FORWARD, 
....................    M_BACKWARD, 
....................    M_STOP, 
....................    M_TURNRIGHT 
.................... } MotorDirect_t; 
....................  
.................... //State machine 
....................  
.................... typedef enum FSM { 
....................    STATE_INITIALIZE, 
....................    STATE_LINE_FOLLOWING, 
....................    STATE_PICK_BALL, 
....................    STATE_REVERSE, 
....................    STATE_TURN_RIGHT, 
....................    STATE_DROP_BALL, 
....................    STATE_OUT_LINE, 
....................    STATE_CHECK_POINT, 
....................    STATE_RETURN_TO_START 
.................... }RobotState_t; 
....................  
....................  
.................... typedef struct { 
....................     RobotState_t current; 
.................... } State_t; 
....................  
.................... typedef struct { 
....................     int8 S0, S1, S2;      // IR 
....................     int8 PI_state; 
....................     int8 btn_checkpoint; 
....................     int8 ir_last_state; 
.................... } Input_t; 
....................  
.................... typedef struct { 
....................     int32 t_err;         
....................     int32 t_pickup;       
....................     int32 t_reverse;        
....................     int32 t_turnright; 
....................     int32 t_dropball;         
....................     int32 t_servo_pulse;    
....................     int32 t_pi; 
....................     int32 t_run; 
....................     int32 t_forward; 
.................... } Timing_t; 
....................  
.................... typedef struct { 
....................     int1 pick_ball; 
....................     int1 drop_ball; 
....................     int1 pick_turn_flag; 
....................     int1 drop_turn_flag; 
....................     int1 round; 
....................     int1 servo_done; 
....................     int1 forward_flag; 
.................... } Flags_t; 
....................  
.................... typedef struct { 
....................    State_t state; 
....................    Input_t input; 
....................    Timing_t time; 
....................    Flags_t flag; 
.................... } RobotContext_t; 
....................  
....................  
.................... typedef enum IR { 
....................    IR_LEFT, 
....................    IR_CENTER, 
....................    IR_RIGHT 
.................... }IR_t; 
....................  
.................... extern volatile RobotContext_t ctx; 
....................  
.................... //PWM variable 
.................... extern volatile int8 left_duty, right_duty; 
.................... extern volatile unsigned int16 servo_duty; 
.................... extern volatile int8 pwm_motor_count; 
.................... extern volatile unsigned int16 pwm_servo_count; 
....................  
.................... extern volatile int8  g_S0, g_S1, g_S2, g_PI; 
.................... extern volatile int8  g_button_checkpoint; 
....................  
.................... //Function Driver layer 
.................... void timer0_init (); 
.................... void timer1_init (); 
.................... void Interrupt_Init(void); 
.................... void Timer0_isr(); 
.................... void Timer1_isr(); 
.................... void Motor_Init(void); 
.................... void Motor_Direct(MotorDirect_t direct); 
.................... void Motor_SetLeftDuty(int8 duty); 
.................... void Motor_SetRightDuty(int8 duty); 
.................... void Servo_Init(); 
.................... void Servo_SetPulse(int16 pulse_us); 
.................... void GPIO_WritePin(int8 pin, int1 value); 
.................... void LED_Init(void); 
.................... void LED_Green_On(void); 
.................... void LED_Green_Off(void); 
.................... void LED_Red_Toggle(void); 
.................... void LED_Red_Off(void); 
.................... void LED_All_Off(void); 
.................... int1 PI_Sensor_Read(void); 
.................... int1 PI_Confirm(RobotContext_t *ctx); 
.................... void IR_Sensor_Read(int1 *s0, int1 *s1, int1 *s2); 
.................... int1 Button_Read(int8 pin); 
.................... void GPIO_Init(void); 
.................... int1 GPIO_ReadPin(int8 pin); 
.................... void Sensor_State_Update(); 
.................... void Motion_Forward(int8 left, int8 right); 
.................... void Motion_Backward(int8 left, int8 right); 
.................... void Motion_TurnRight(void); 
.................... void Motion_Stop(void); 
.................... void ServoService_Rotate(int8 angle); 
....................  
....................  
....................  
....................  
.................... //Function Application layer 
.................... void Function_Initialize(RobotContext_t *ctx); 
.................... void Function_LineFollow(RobotContext_t *ctx); 
.................... void Function_PickBall(RobotContext_t *ctx); 
.................... void Function_Reverse(RobotContext_t *ctx); 
.................... void Function_TurnRight(RobotContext_t *ctx); 
.................... void Function_DropBall(RobotContext_t *ctx); 
.................... void Function_OutLine(RobotContext_t *ctx); 
.................... void Function_Checkpoint(RobotContext_t *ctx); 
.................... void Function_ReturnToStart(RobotContext_t *ctx); 
.................... //void Reset_Flag(RobotContext_t *ctx); 
.................... void App_Init(void); 
.................... void FSM_Run(RobotContext_t *ctx); 
.................... void RobotContext_Init(RobotContext_t *ctx); 
....................  
....................  
.................... #endif 
....................  
....................  
.................... static void Reset_Flag(RobotContext_t *ctx) 
.................... { 
....................     ctx->flag.pick_ball       = 0; 
*
00C3E:  MOVLW  2B
00C40:  ADDWF  x6B,W
00C42:  MOVWF  FE9
00C44:  MOVLW  00
00C46:  ADDWFC x6C,W
00C48:  MOVWF  FEA
00C4A:  BCF    FEF.0
....................     ctx->flag.pick_turn_flag  = 0; 
00C4C:  MOVLW  2B
00C4E:  ADDWF  x6B,W
00C50:  MOVWF  FE9
00C52:  MOVLW  00
00C54:  ADDWFC x6C,W
00C56:  MOVWF  FEA
00C58:  BCF    FEF.2
....................     ctx->flag.drop_ball       = 0; 
00C5A:  MOVLW  2B
00C5C:  ADDWF  x6B,W
00C5E:  MOVWF  FE9
00C60:  MOVLW  00
00C62:  ADDWFC x6C,W
00C64:  MOVWF  FEA
00C66:  BCF    FEF.1
....................     ctx->flag.drop_turn_flag  = 0; 
00C68:  MOVLW  2B
00C6A:  ADDWF  x6B,W
00C6C:  MOVWF  FE9
00C6E:  MOVLW  00
00C70:  ADDWFC x6C,W
00C72:  MOVWF  FEA
00C74:  BCF    FEF.3
....................     ctx->flag.round           = 1; 
00C76:  MOVLW  2B
00C78:  ADDWF  x6B,W
00C7A:  MOVWF  FE9
00C7C:  MOVLW  00
00C7E:  ADDWFC x6C,W
00C80:  MOVWF  FEA
00C82:  BSF    FEF.4
....................     ctx->flag.servo_done      = 0; 
00C84:  MOVLW  2B
00C86:  ADDWF  x6B,W
00C88:  MOVWF  FE9
00C8A:  MOVLW  00
00C8C:  ADDWFC x6C,W
00C8E:  MOVWF  FEA
00C90:  BCF    FEF.5
00C92:  GOTO   0F1E (RETURN)
.................... } 
....................  
.................... void Function_TurnRight(RobotContext_t *ctx) 
.................... { 
....................   //printf("Turn right\r\n"); 
....................    Motion_TurnRight(); 
00C96:  BRA    0C24
....................  
....................    if(ctx->time.t_turnright < TURNRIGHT_MIN_TIME) 
00C98:  MOVLW  13
00C9A:  ADDWF  x69,W
00C9C:  MOVWF  FE9
00C9E:  MOVLW  00
00CA0:  ADDWFC x6A,W
00CA2:  MOVWF  FEA
00CA4:  MOVFF  FEF,6B
00CA8:  MOVFF  FEC,6C
00CAC:  MOVFF  FEC,6D
00CB0:  MOVFF  FEC,6E
00CB4:  MOVF   x6E,F
00CB6:  BNZ   0CCC
00CB8:  MOVF   x6D,F
00CBA:  BNZ   0CCC
00CBC:  MOVF   x6C,W
00CBE:  SUBLW  01
00CC0:  BNC   0CCC
00CC2:  BNZ   0CCA
00CC4:  MOVF   x6B,W
00CC6:  SUBLW  F3
00CC8:  BNC   0CCC
....................    { 
....................        return; 
00CCA:  BRA    0F20
....................    } 
....................     
....................    if (ctx->input.S0 == LINE_WHITE && ctx->input.S1 == LINE_WHITE && ctx->input.S2 == LINE_WHITE) 
00CCC:  MOVLW  01
00CCE:  ADDWF  x69,W
00CD0:  MOVWF  FE9
00CD2:  MOVLW  00
00CD4:  ADDWFC x6A,W
00CD6:  MOVWF  FEA
00CD8:  MOVF   FEF,F
00CDA:  BNZ   0D62
00CDC:  MOVLW  02
00CDE:  ADDWF  x69,W
00CE0:  MOVWF  FE9
00CE2:  MOVLW  00
00CE4:  ADDWFC x6A,W
00CE6:  MOVWF  FEA
00CE8:  MOVF   FEF,F
00CEA:  BNZ   0D62
00CEC:  MOVLW  03
00CEE:  ADDWF  x69,W
00CF0:  MOVWF  FE9
00CF2:  MOVLW  00
00CF4:  ADDWFC x6A,W
00CF6:  MOVWF  FEA
00CF8:  MOVF   FEF,F
00CFA:  BNZ   0D62
....................    { 
....................       if (ctx->time.t_err > LINE_ERR_TIMEOUT) 
00CFC:  MOVLW  07
00CFE:  ADDWF  x69,W
00D00:  MOVWF  FE9
00D02:  MOVLW  00
00D04:  ADDWFC x6A,W
00D06:  MOVWF  FEA
00D08:  MOVFF  FEF,6B
00D0C:  MOVFF  FEC,6C
00D10:  MOVFF  FEC,6D
00D14:  MOVFF  FEC,6E
00D18:  MOVF   x6E,F
00D1A:  BNZ   0D30
00D1C:  MOVF   x6D,F
00D1E:  BNZ   0D30
00D20:  MOVF   x6C,W
00D22:  SUBLW  0A
00D24:  BC    0D5E
00D26:  XORLW  FF
00D28:  BNZ   0D30
00D2A:  MOVF   x6B,W
00D2C:  SUBLW  B8
00D2E:  BC    0D5E
....................       { 
....................          ctx->time.t_turnright = 0; 
00D30:  MOVLW  13
00D32:  ADDWF  x69,W
00D34:  MOVWF  FE9
00D36:  MOVLW  00
00D38:  ADDWFC x6A,W
00D3A:  MOVWF  FEA
00D3C:  MOVF   FEE,F
00D3E:  MOVF   FEE,F
00D40:  CLRF   FEC
00D42:  MOVF   FED,F
00D44:  CLRF   FEF
00D46:  MOVF   FED,F
00D48:  CLRF   FEF
00D4A:  MOVF   FED,F
00D4C:  CLRF   FEF
....................          ctx->state.current = STATE_OUT_LINE; 
00D4E:  MOVFF  69,FE9
00D52:  MOVFF  6A,FEA
00D56:  MOVLW  06
00D58:  MOVWF  FEF
....................          return; 
00D5A:  BRA    0F20
....................       } else return; 
00D5C:  BRA    0D60
00D5E:  BRA    0F20
....................    }  
00D60:  BRA    0F20
....................    else if (ctx->flag.drop_ball == 1 && ctx->flag.round == 0) 
00D62:  MOVLW  2B
00D64:  ADDWF  x69,W
00D66:  MOVWF  FE9
00D68:  MOVLW  00
00D6A:  ADDWFC x6A,W
00D6C:  MOVWF  FEA
00D6E:  MOVFF  FEF,00
00D72:  RRCF   00,W
00D74:  ANDLW  01
00D76:  SUBLW  01
00D78:  BNZ   0DCA
00D7A:  MOVLW  2B
00D7C:  ADDWF  x69,W
00D7E:  MOVWF  FE9
00D80:  MOVLW  00
00D82:  ADDWFC x6A,W
00D84:  MOVWF  FEA
00D86:  MOVFF  FEF,00
00D8A:  SWAPF  00,W
00D8C:  ANDLW  01
00D8E:  BNZ   0DCA
....................    { 
....................       ctx->time.t_turnright = 0; 
00D90:  MOVLW  13
00D92:  ADDWF  x69,W
00D94:  MOVWF  FE9
00D96:  MOVLW  00
00D98:  ADDWFC x6A,W
00D9A:  MOVWF  FEA
00D9C:  MOVF   FEE,F
00D9E:  MOVF   FEE,F
00DA0:  CLRF   FEC
00DA2:  MOVF   FED,F
00DA4:  CLRF   FEF
00DA6:  MOVF   FED,F
00DA8:  CLRF   FEF
00DAA:  MOVF   FED,F
00DAC:  CLRF   FEF
....................       ctx->state.current = STATE_RETURN_TO_START; 
00DAE:  MOVFF  69,FE9
00DB2:  MOVFF  6A,FEA
00DB6:  MOVLW  08
00DB8:  MOVWF  FEF
....................       ctx->flag.drop_turn_flag = 1; 
00DBA:  MOVLW  2B
00DBC:  ADDWF  x69,W
00DBE:  MOVWF  FE9
00DC0:  MOVLW  00
00DC2:  ADDWFC x6A,W
00DC4:  MOVWF  FEA
00DC6:  BSF    FEF.3
....................    } 
00DC8:  BRA    0F20
....................    else if (ctx->flag.drop_ball == 0) 
00DCA:  MOVLW  2B
00DCC:  ADDWF  x69,W
00DCE:  MOVWF  FE9
00DD0:  MOVLW  00
00DD2:  ADDWFC x6A,W
00DD4:  MOVWF  FEA
00DD6:  MOVFF  FEF,00
00DDA:  RRCF   00,W
00DDC:  ANDLW  01
00DDE:  BNZ   0E1A
....................    { 
....................       ctx->time.t_turnright = 0; 
00DE0:  MOVLW  13
00DE2:  ADDWF  x69,W
00DE4:  MOVWF  FE9
00DE6:  MOVLW  00
00DE8:  ADDWFC x6A,W
00DEA:  MOVWF  FEA
00DEC:  MOVF   FEE,F
00DEE:  MOVF   FEE,F
00DF0:  CLRF   FEC
00DF2:  MOVF   FED,F
00DF4:  CLRF   FEF
00DF6:  MOVF   FED,F
00DF8:  CLRF   FEF
00DFA:  MOVF   FED,F
00DFC:  CLRF   FEF
....................       ctx->state.current = STATE_LINE_FOLLOWING; 
00DFE:  MOVFF  69,FE9
00E02:  MOVFF  6A,FEA
00E06:  MOVLW  01
00E08:  MOVWF  FEF
....................       ctx->flag.pick_turn_flag = 1; 
00E0A:  MOVLW  2B
00E0C:  ADDWF  x69,W
00E0E:  MOVWF  FE9
00E10:  MOVLW  00
00E12:  ADDWFC x6A,W
00E14:  MOVWF  FEA
00E16:  BSF    FEF.2
....................    } 
00E18:  BRA    0F20
....................    else if (ctx->flag.drop_ball == 1 && ctx->flag.round == 1 && ctx->flag.drop_turn_flag == 0)  
00E1A:  MOVLW  2B
00E1C:  ADDWF  x69,W
00E1E:  MOVWF  FE9
00E20:  MOVLW  00
00E22:  ADDWFC x6A,W
00E24:  MOVWF  FEA
00E26:  MOVFF  FEF,00
00E2A:  RRCF   00,W
00E2C:  ANDLW  01
00E2E:  SUBLW  01
00E30:  BNZ   0E9E
00E32:  MOVLW  2B
00E34:  ADDWF  x69,W
00E36:  MOVWF  FE9
00E38:  MOVLW  00
00E3A:  ADDWFC x6A,W
00E3C:  MOVWF  FEA
00E3E:  MOVFF  FEF,00
00E42:  SWAPF  00,W
00E44:  ANDLW  01
00E46:  SUBLW  01
00E48:  BNZ   0E9E
00E4A:  MOVLW  2B
00E4C:  ADDWF  x69,W
00E4E:  MOVWF  FE9
00E50:  MOVLW  00
00E52:  ADDWFC x6A,W
00E54:  MOVWF  FEA
00E56:  MOVFF  FEF,00
00E5A:  RRCF   00,F
00E5C:  RRCF   00,F
00E5E:  RRCF   00,W
00E60:  ANDLW  01
00E62:  BNZ   0E9E
....................    { 
....................       ctx->time.t_turnright = 0; 
00E64:  MOVLW  13
00E66:  ADDWF  x69,W
00E68:  MOVWF  FE9
00E6A:  MOVLW  00
00E6C:  ADDWFC x6A,W
00E6E:  MOVWF  FEA
00E70:  MOVF   FEE,F
00E72:  MOVF   FEE,F
00E74:  CLRF   FEC
00E76:  MOVF   FED,F
00E78:  CLRF   FEF
00E7A:  MOVF   FED,F
00E7C:  CLRF   FEF
00E7E:  MOVF   FED,F
00E80:  CLRF   FEF
....................       ctx->state.current = STATE_LINE_FOLLOWING; 
00E82:  MOVFF  69,FE9
00E86:  MOVFF  6A,FEA
00E8A:  MOVLW  01
00E8C:  MOVWF  FEF
....................       ctx->flag.drop_turn_flag = 1; 
00E8E:  MOVLW  2B
00E90:  ADDWF  x69,W
00E92:  MOVWF  FE9
00E94:  MOVLW  00
00E96:  ADDWFC x6A,W
00E98:  MOVWF  FEA
00E9A:  BSF    FEF.3
....................    } 
00E9C:  BRA    0F20
....................    else if  (ctx->flag.drop_ball == 1 && ctx->flag.round == 1 && ctx->flag.drop_turn_flag == 1) 
00E9E:  MOVLW  2B
00EA0:  ADDWF  x69,W
00EA2:  MOVWF  FE9
00EA4:  MOVLW  00
00EA6:  ADDWFC x6A,W
00EA8:  MOVWF  FEA
00EAA:  MOVFF  FEF,00
00EAE:  RRCF   00,W
00EB0:  ANDLW  01
00EB2:  SUBLW  01
00EB4:  BNZ   0F20
00EB6:  MOVLW  2B
00EB8:  ADDWF  x69,W
00EBA:  MOVWF  FE9
00EBC:  MOVLW  00
00EBE:  ADDWFC x6A,W
00EC0:  MOVWF  FEA
00EC2:  MOVFF  FEF,00
00EC6:  SWAPF  00,W
00EC8:  ANDLW  01
00ECA:  SUBLW  01
00ECC:  BNZ   0F20
00ECE:  MOVLW  2B
00ED0:  ADDWF  x69,W
00ED2:  MOVWF  FE9
00ED4:  MOVLW  00
00ED6:  ADDWFC x6A,W
00ED8:  MOVWF  FEA
00EDA:  MOVFF  FEF,00
00EDE:  RRCF   00,F
00EE0:  RRCF   00,F
00EE2:  RRCF   00,W
00EE4:  ANDLW  01
00EE6:  SUBLW  01
00EE8:  BNZ   0F20
....................    { 
....................       ctx->time.t_turnright = 0; 
00EEA:  MOVLW  13
00EEC:  ADDWF  x69,W
00EEE:  MOVWF  FE9
00EF0:  MOVLW  00
00EF2:  ADDWFC x6A,W
00EF4:  MOVWF  FEA
00EF6:  MOVF   FEE,F
00EF8:  MOVF   FEE,F
00EFA:  CLRF   FEC
00EFC:  MOVF   FED,F
00EFE:  CLRF   FEF
00F00:  MOVF   FED,F
00F02:  CLRF   FEF
00F04:  MOVF   FED,F
00F06:  CLRF   FEF
....................       ctx->state.current = STATE_LINE_FOLLOWING; 
00F08:  MOVFF  69,FE9
00F0C:  MOVFF  6A,FEA
00F10:  MOVLW  01
00F12:  MOVWF  FEF
....................       Reset_Flag(ctx); 
00F14:  MOVFF  6A,6C
00F18:  MOVFF  69,6B
00F1C:  BRA    0C3E
....................       LED_Green_On(); 
00F1E:  RCALL  092A
....................    } 
00F20:  GOTO   1440 (RETURN)
.................... } 
....................  
.................... #include "Application/state_pick_ball.c" 
.................... #include "main.h" 
.................... #ifndef MAIN_H 
.................... #define MAIN_H 
....................  
.................... #include <18F2685.h> 
.................... #device HIGH_INTS=TRUE 
.................... //#include <stdio.h> 
....................  
.................... #fuses INTRC_IO, NOWDT, NOLVP, NOBROWNOUT 
.................... #use delay(internal=32MHz)     //Fosc = 32MHz 
....................  
.................... //#use rs232(baud=9600, xmit=PIN_C6, rcv=PIN_C7) 
....................  
.................... //define GPIO PIN_OUT 
.................... #define     IR0_SENSOR        PIN_C1      //phai 
.................... #define     IR1_SENSOR        PIN_C2      //giua 
.................... #define     IR2_SENSOR        PIN_C4      //trai 
.................... #define     PI_SENSOR         PIN_A3 
.................... #define     BUTTON            PIN_C6 
.................... #define     MOTOR1            PIN_C7 
.................... #define     MOTOR2            PIN_B5 
.................... #define     SERVO             PIN_A2 
.................... #define     LED_RED           PIN_A0 
.................... #define     LED_GREEN         PIN_A1 
.................... #define     ANT2              PIN_B0 
.................... #define     ANT1              PIN_B1 
.................... #define     BNT2              PIN_B3 
.................... #define     BNT1              PIN_B4 
.................... #define     STBY              PIN_B2 
....................  
.................... #define     LINE_BLACK              1 
.................... #define     LINE_WHITE              0 
.................... #define     PI_BLOCKED              1 
.................... #define     PI_UNBLOCKED            0 
.................... #define     SERVO_PERIOD_TICK       400 
.................... #define     MOTOR_MAX_DUTY          10 
.................... #define     MOTOR_DUTY_FORWARD_3    6 
.................... #define     MOTOR_DUTY_FORWARD_2    2 
.................... #define     MOTOR_DUTY_FORWARD_1    1 
.................... #define     MOTOR_DUTY_BACKWARD     5 
.................... #define     MOTOR_DUTY_TURNRIGHT    4   
.................... #define     PI_CONFIRM_TIME         1000 //1s 
.................... #define     LINE_ERR_TIMEOUT        3000 //1s 
.................... #define     TIME_FORWARD_MAX        50   //0.2s 
.................... #define     TIME_RUN_MAX            3000 //10s 
.................... #define     REVERSE_TIMEOUT         1000//1s    
.................... #define     TURNRIGHT_MIN_TIME      500 //0.5s 
....................  
.................... extern volatile int16 pickup_timeout; 
.................... extern volatile int16 drop_timeout; 
.................... //MOTOR state 
.................... typedef enum Motor_Direct { 
....................    M_FORWARD, 
....................    M_BACKWARD, 
....................    M_STOP, 
....................    M_TURNRIGHT 
.................... } MotorDirect_t; 
....................  
.................... //State machine 
....................  
.................... typedef enum FSM { 
....................    STATE_INITIALIZE, 
....................    STATE_LINE_FOLLOWING, 
....................    STATE_PICK_BALL, 
....................    STATE_REVERSE, 
....................    STATE_TURN_RIGHT, 
....................    STATE_DROP_BALL, 
....................    STATE_OUT_LINE, 
....................    STATE_CHECK_POINT, 
....................    STATE_RETURN_TO_START 
.................... }RobotState_t; 
....................  
....................  
.................... typedef struct { 
....................     RobotState_t current; 
.................... } State_t; 
....................  
.................... typedef struct { 
....................     int8 S0, S1, S2;      // IR 
....................     int8 PI_state; 
....................     int8 btn_checkpoint; 
....................     int8 ir_last_state; 
.................... } Input_t; 
....................  
.................... typedef struct { 
....................     int32 t_err;         
....................     int32 t_pickup;       
....................     int32 t_reverse;        
....................     int32 t_turnright; 
....................     int32 t_dropball;         
....................     int32 t_servo_pulse;    
....................     int32 t_pi; 
....................     int32 t_run; 
....................     int32 t_forward; 
.................... } Timing_t; 
....................  
.................... typedef struct { 
....................     int1 pick_ball; 
....................     int1 drop_ball; 
....................     int1 pick_turn_flag; 
....................     int1 drop_turn_flag; 
....................     int1 round; 
....................     int1 servo_done; 
....................     int1 forward_flag; 
.................... } Flags_t; 
....................  
.................... typedef struct { 
....................    State_t state; 
....................    Input_t input; 
....................    Timing_t time; 
....................    Flags_t flag; 
.................... } RobotContext_t; 
....................  
....................  
.................... typedef enum IR { 
....................    IR_LEFT, 
....................    IR_CENTER, 
....................    IR_RIGHT 
.................... }IR_t; 
....................  
.................... extern volatile RobotContext_t ctx; 
....................  
.................... //PWM variable 
.................... extern volatile int8 left_duty, right_duty; 
.................... extern volatile unsigned int16 servo_duty; 
.................... extern volatile int8 pwm_motor_count; 
.................... extern volatile unsigned int16 pwm_servo_count; 
....................  
.................... extern volatile int8  g_S0, g_S1, g_S2, g_PI; 
.................... extern volatile int8  g_button_checkpoint; 
....................  
.................... //Function Driver layer 
.................... void timer0_init (); 
.................... void timer1_init (); 
.................... void Interrupt_Init(void); 
.................... void Timer0_isr(); 
.................... void Timer1_isr(); 
.................... void Motor_Init(void); 
.................... void Motor_Direct(MotorDirect_t direct); 
.................... void Motor_SetLeftDuty(int8 duty); 
.................... void Motor_SetRightDuty(int8 duty); 
.................... void Servo_Init(); 
.................... void Servo_SetPulse(int16 pulse_us); 
.................... void GPIO_WritePin(int8 pin, int1 value); 
.................... void LED_Init(void); 
.................... void LED_Green_On(void); 
.................... void LED_Green_Off(void); 
.................... void LED_Red_Toggle(void); 
.................... void LED_Red_Off(void); 
.................... void LED_All_Off(void); 
.................... int1 PI_Sensor_Read(void); 
.................... int1 PI_Confirm(RobotContext_t *ctx); 
.................... void IR_Sensor_Read(int1 *s0, int1 *s1, int1 *s2); 
.................... int1 Button_Read(int8 pin); 
.................... void GPIO_Init(void); 
.................... int1 GPIO_ReadPin(int8 pin); 
.................... void Sensor_State_Update(); 
.................... void Motion_Forward(int8 left, int8 right); 
.................... void Motion_Backward(int8 left, int8 right); 
.................... void Motion_TurnRight(void); 
.................... void Motion_Stop(void); 
.................... void ServoService_Rotate(int8 angle); 
....................  
....................  
....................  
....................  
.................... //Function Application layer 
.................... void Function_Initialize(RobotContext_t *ctx); 
.................... void Function_LineFollow(RobotContext_t *ctx); 
.................... void Function_PickBall(RobotContext_t *ctx); 
.................... void Function_Reverse(RobotContext_t *ctx); 
.................... void Function_TurnRight(RobotContext_t *ctx); 
.................... void Function_DropBall(RobotContext_t *ctx); 
.................... void Function_OutLine(RobotContext_t *ctx); 
.................... void Function_Checkpoint(RobotContext_t *ctx); 
.................... void Function_ReturnToStart(RobotContext_t *ctx); 
.................... //void Reset_Flag(RobotContext_t *ctx); 
.................... void App_Init(void); 
.................... void FSM_Run(RobotContext_t *ctx); 
.................... void RobotContext_Init(RobotContext_t *ctx); 
....................  
....................  
.................... #endif 
....................  
....................  
.................... void Function_PickBall(RobotContext_t *ctx) 
.................... { 
....................   //printf("Pick ball\r\n"); 
....................     Motion_Stop(); 
*
00B22:  RCALL  0916
....................  
....................     if(ctx->time.t_pickup > pickup_timeout) 
00B24:  MOVLW  0B
00B26:  ADDWF  x69,W
00B28:  MOVWF  FE9
00B2A:  MOVLW  00
00B2C:  ADDWFC x6A,W
00B2E:  MOVWF  FEA
00B30:  MOVFF  FEF,6B
00B34:  MOVFF  FEC,6C
00B38:  MOVFF  FEC,6D
00B3C:  MOVFF  FEC,6E
00B40:  MOVF   x6E,F
00B42:  BNZ   0B56
00B44:  MOVF   x6D,F
00B46:  BNZ   0B56
00B48:  MOVF   2C,W
00B4A:  SUBWF  x6C,W
00B4C:  BNC   0B92
00B4E:  BNZ   0B56
00B50:  MOVF   x6B,W
00B52:  SUBWF  2B,W
00B54:  BC    0B92
....................     { 
....................         ctx->flag.pick_ball = 1; 
00B56:  MOVLW  2B
00B58:  ADDWF  x69,W
00B5A:  MOVWF  FE9
00B5C:  MOVLW  00
00B5E:  ADDWFC x6A,W
00B60:  MOVWF  FEA
00B62:  BSF    FEF.0
....................         ctx->time.t_pickup = 0; 
00B64:  MOVLW  0B
00B66:  ADDWF  x69,W
00B68:  MOVWF  FE9
00B6A:  MOVLW  00
00B6C:  ADDWFC x6A,W
00B6E:  MOVWF  FEA
00B70:  MOVF   FEE,F
00B72:  MOVF   FEE,F
00B74:  CLRF   FEC
00B76:  MOVF   FED,F
00B78:  CLRF   FEF
00B7A:  MOVF   FED,F
00B7C:  CLRF   FEF
00B7E:  MOVF   FED,F
00B80:  CLRF   FEF
....................         ctx->state.current = STATE_REVERSE; 
00B82:  MOVFF  69,FE9
00B86:  MOVFF  6A,FEA
00B8A:  MOVLW  03
00B8C:  MOVWF  FEF
....................         LED_Red_Off(); 
00B8E:  RCALL  0934
....................         return; 
00B90:  BRA    0B9A
....................     }  
....................     LED_Red_Toggle(); 
00B92:  BRA    0AF2
....................     delay_ms(100); 
00B94:  MOVLW  64
00B96:  MOVWF  x6B
00B98:  BRA    0AFA
00B9A:  GOTO   1440 (RETURN)
.................... } 
....................  
.................... #include "Application/state_reverse.c" 
.................... #include "main.h" 
.................... #ifndef MAIN_H 
.................... #define MAIN_H 
....................  
.................... #include <18F2685.h> 
.................... #device HIGH_INTS=TRUE 
.................... //#include <stdio.h> 
....................  
.................... #fuses INTRC_IO, NOWDT, NOLVP, NOBROWNOUT 
.................... #use delay(internal=32MHz)     //Fosc = 32MHz 
....................  
.................... //#use rs232(baud=9600, xmit=PIN_C6, rcv=PIN_C7) 
....................  
.................... //define GPIO PIN_OUT 
.................... #define     IR0_SENSOR        PIN_C1      //phai 
.................... #define     IR1_SENSOR        PIN_C2      //giua 
.................... #define     IR2_SENSOR        PIN_C4      //trai 
.................... #define     PI_SENSOR         PIN_A3 
.................... #define     BUTTON            PIN_C6 
.................... #define     MOTOR1            PIN_C7 
.................... #define     MOTOR2            PIN_B5 
.................... #define     SERVO             PIN_A2 
.................... #define     LED_RED           PIN_A0 
.................... #define     LED_GREEN         PIN_A1 
.................... #define     ANT2              PIN_B0 
.................... #define     ANT1              PIN_B1 
.................... #define     BNT2              PIN_B3 
.................... #define     BNT1              PIN_B4 
.................... #define     STBY              PIN_B2 
....................  
.................... #define     LINE_BLACK              1 
.................... #define     LINE_WHITE              0 
.................... #define     PI_BLOCKED              1 
.................... #define     PI_UNBLOCKED            0 
.................... #define     SERVO_PERIOD_TICK       400 
.................... #define     MOTOR_MAX_DUTY          10 
.................... #define     MOTOR_DUTY_FORWARD_3    6 
.................... #define     MOTOR_DUTY_FORWARD_2    2 
.................... #define     MOTOR_DUTY_FORWARD_1    1 
.................... #define     MOTOR_DUTY_BACKWARD     5 
.................... #define     MOTOR_DUTY_TURNRIGHT    4   
.................... #define     PI_CONFIRM_TIME         1000 //1s 
.................... #define     LINE_ERR_TIMEOUT        3000 //1s 
.................... #define     TIME_FORWARD_MAX        50   //0.2s 
.................... #define     TIME_RUN_MAX            3000 //10s 
.................... #define     REVERSE_TIMEOUT         1000//1s    
.................... #define     TURNRIGHT_MIN_TIME      500 //0.5s 
....................  
.................... extern volatile int16 pickup_timeout; 
.................... extern volatile int16 drop_timeout; 
.................... //MOTOR state 
.................... typedef enum Motor_Direct { 
....................    M_FORWARD, 
....................    M_BACKWARD, 
....................    M_STOP, 
....................    M_TURNRIGHT 
.................... } MotorDirect_t; 
....................  
.................... //State machine 
....................  
.................... typedef enum FSM { 
....................    STATE_INITIALIZE, 
....................    STATE_LINE_FOLLOWING, 
....................    STATE_PICK_BALL, 
....................    STATE_REVERSE, 
....................    STATE_TURN_RIGHT, 
....................    STATE_DROP_BALL, 
....................    STATE_OUT_LINE, 
....................    STATE_CHECK_POINT, 
....................    STATE_RETURN_TO_START 
.................... }RobotState_t; 
....................  
....................  
.................... typedef struct { 
....................     RobotState_t current; 
.................... } State_t; 
....................  
.................... typedef struct { 
....................     int8 S0, S1, S2;      // IR 
....................     int8 PI_state; 
....................     int8 btn_checkpoint; 
....................     int8 ir_last_state; 
.................... } Input_t; 
....................  
.................... typedef struct { 
....................     int32 t_err;         
....................     int32 t_pickup;       
....................     int32 t_reverse;        
....................     int32 t_turnright; 
....................     int32 t_dropball;         
....................     int32 t_servo_pulse;    
....................     int32 t_pi; 
....................     int32 t_run; 
....................     int32 t_forward; 
.................... } Timing_t; 
....................  
.................... typedef struct { 
....................     int1 pick_ball; 
....................     int1 drop_ball; 
....................     int1 pick_turn_flag; 
....................     int1 drop_turn_flag; 
....................     int1 round; 
....................     int1 servo_done; 
....................     int1 forward_flag; 
.................... } Flags_t; 
....................  
.................... typedef struct { 
....................    State_t state; 
....................    Input_t input; 
....................    Timing_t time; 
....................    Flags_t flag; 
.................... } RobotContext_t; 
....................  
....................  
.................... typedef enum IR { 
....................    IR_LEFT, 
....................    IR_CENTER, 
....................    IR_RIGHT 
.................... }IR_t; 
....................  
.................... extern volatile RobotContext_t ctx; 
....................  
.................... //PWM variable 
.................... extern volatile int8 left_duty, right_duty; 
.................... extern volatile unsigned int16 servo_duty; 
.................... extern volatile int8 pwm_motor_count; 
.................... extern volatile unsigned int16 pwm_servo_count; 
....................  
.................... extern volatile int8  g_S0, g_S1, g_S2, g_PI; 
.................... extern volatile int8  g_button_checkpoint; 
....................  
.................... //Function Driver layer 
.................... void timer0_init (); 
.................... void timer1_init (); 
.................... void Interrupt_Init(void); 
.................... void Timer0_isr(); 
.................... void Timer1_isr(); 
.................... void Motor_Init(void); 
.................... void Motor_Direct(MotorDirect_t direct); 
.................... void Motor_SetLeftDuty(int8 duty); 
.................... void Motor_SetRightDuty(int8 duty); 
.................... void Servo_Init(); 
.................... void Servo_SetPulse(int16 pulse_us); 
.................... void GPIO_WritePin(int8 pin, int1 value); 
.................... void LED_Init(void); 
.................... void LED_Green_On(void); 
.................... void LED_Green_Off(void); 
.................... void LED_Red_Toggle(void); 
.................... void LED_Red_Off(void); 
.................... void LED_All_Off(void); 
.................... int1 PI_Sensor_Read(void); 
.................... int1 PI_Confirm(RobotContext_t *ctx); 
.................... void IR_Sensor_Read(int1 *s0, int1 *s1, int1 *s2); 
.................... int1 Button_Read(int8 pin); 
.................... void GPIO_Init(void); 
.................... int1 GPIO_ReadPin(int8 pin); 
.................... void Sensor_State_Update(); 
.................... void Motion_Forward(int8 left, int8 right); 
.................... void Motion_Backward(int8 left, int8 right); 
.................... void Motion_TurnRight(void); 
.................... void Motion_Stop(void); 
.................... void ServoService_Rotate(int8 angle); 
....................  
....................  
....................  
....................  
.................... //Function Application layer 
.................... void Function_Initialize(RobotContext_t *ctx); 
.................... void Function_LineFollow(RobotContext_t *ctx); 
.................... void Function_PickBall(RobotContext_t *ctx); 
.................... void Function_Reverse(RobotContext_t *ctx); 
.................... void Function_TurnRight(RobotContext_t *ctx); 
.................... void Function_DropBall(RobotContext_t *ctx); 
.................... void Function_OutLine(RobotContext_t *ctx); 
.................... void Function_Checkpoint(RobotContext_t *ctx); 
.................... void Function_ReturnToStart(RobotContext_t *ctx); 
.................... //void Reset_Flag(RobotContext_t *ctx); 
.................... void App_Init(void); 
.................... void FSM_Run(RobotContext_t *ctx); 
.................... void RobotContext_Init(RobotContext_t *ctx); 
....................  
....................  
.................... #endif 
....................  
....................  
....................  
.................... void Function_Reverse(RobotContext_t *ctx) 
.................... { 
....................   //printf("Reverse\r\n"); 
....................     Motion_Backward(MOTOR_DUTY_FORWARD_2,MOTOR_DUTY_FORWARD_2); 
*
00BB8:  MOVLW  02
00BBA:  MOVWF  x6B
00BBC:  MOVWF  x6C
00BBE:  BRA    0B9E
....................  
....................     if(ctx->time.t_reverse > REVERSE_TIMEOUT) 
00BC0:  MOVLW  0F
00BC2:  ADDWF  x69,W
00BC4:  MOVWF  FE9
00BC6:  MOVLW  00
00BC8:  ADDWFC x6A,W
00BCA:  MOVWF  FEA
00BCC:  MOVFF  FEF,6B
00BD0:  MOVFF  FEC,6C
00BD4:  MOVFF  FEC,6D
00BD8:  MOVFF  FEC,6E
00BDC:  MOVF   x6E,F
00BDE:  BNZ   0BF4
00BE0:  MOVF   x6D,F
00BE2:  BNZ   0BF4
00BE4:  MOVF   x6C,W
00BE6:  SUBLW  02
00BE8:  BC    0C20
00BEA:  XORLW  FF
00BEC:  BNZ   0BF4
00BEE:  MOVF   x6B,W
00BF0:  SUBLW  E8
00BF2:  BC    0C20
....................     { 
....................         Motion_Stop(); 
00BF4:  RCALL  0916
....................         ctx->time.t_reverse = 0; 
00BF6:  MOVLW  0F
00BF8:  ADDWF  x69,W
00BFA:  MOVWF  FE9
00BFC:  MOVLW  00
00BFE:  ADDWFC x6A,W
00C00:  MOVWF  FEA
00C02:  MOVF   FEE,F
00C04:  MOVF   FEE,F
00C06:  CLRF   FEC
00C08:  MOVF   FED,F
00C0A:  CLRF   FEF
00C0C:  MOVF   FED,F
00C0E:  CLRF   FEF
00C10:  MOVF   FED,F
00C12:  CLRF   FEF
....................         ctx->state.current = STATE_TURN_RIGHT; 
00C14:  MOVFF  69,FE9
00C18:  MOVFF  6A,FEA
00C1C:  MOVLW  04
00C1E:  MOVWF  FEF
....................         return; 
....................     } 
00C20:  GOTO   1440 (RETURN)
....................     //if (ctx->time.t_err > LINE_ERR_TIMEOUT) 
....................       //{ 
....................         // ctx->time.t_reverse = 0; 
....................          //ctx->state.current = STATE_OUT_LINE; 
....................          //return; 
....................       //} 
.................... } 
....................  
.................... #include "Application/state_drop_ball.c" 
.................... #include "main.h" 
.................... #ifndef MAIN_H 
.................... #define MAIN_H 
....................  
.................... #include <18F2685.h> 
.................... #device HIGH_INTS=TRUE 
.................... //#include <stdio.h> 
....................  
.................... #fuses INTRC_IO, NOWDT, NOLVP, NOBROWNOUT 
.................... #use delay(internal=32MHz)     //Fosc = 32MHz 
....................  
.................... //#use rs232(baud=9600, xmit=PIN_C6, rcv=PIN_C7) 
....................  
.................... //define GPIO PIN_OUT 
.................... #define     IR0_SENSOR        PIN_C1      //phai 
.................... #define     IR1_SENSOR        PIN_C2      //giua 
.................... #define     IR2_SENSOR        PIN_C4      //trai 
.................... #define     PI_SENSOR         PIN_A3 
.................... #define     BUTTON            PIN_C6 
.................... #define     MOTOR1            PIN_C7 
.................... #define     MOTOR2            PIN_B5 
.................... #define     SERVO             PIN_A2 
.................... #define     LED_RED           PIN_A0 
.................... #define     LED_GREEN         PIN_A1 
.................... #define     ANT2              PIN_B0 
.................... #define     ANT1              PIN_B1 
.................... #define     BNT2              PIN_B3 
.................... #define     BNT1              PIN_B4 
.................... #define     STBY              PIN_B2 
....................  
.................... #define     LINE_BLACK              1 
.................... #define     LINE_WHITE              0 
.................... #define     PI_BLOCKED              1 
.................... #define     PI_UNBLOCKED            0 
.................... #define     SERVO_PERIOD_TICK       400 
.................... #define     MOTOR_MAX_DUTY          10 
.................... #define     MOTOR_DUTY_FORWARD_3    6 
.................... #define     MOTOR_DUTY_FORWARD_2    2 
.................... #define     MOTOR_DUTY_FORWARD_1    1 
.................... #define     MOTOR_DUTY_BACKWARD     5 
.................... #define     MOTOR_DUTY_TURNRIGHT    4   
.................... #define     PI_CONFIRM_TIME         1000 //1s 
.................... #define     LINE_ERR_TIMEOUT        3000 //1s 
.................... #define     TIME_FORWARD_MAX        50   //0.2s 
.................... #define     TIME_RUN_MAX            3000 //10s 
.................... #define     REVERSE_TIMEOUT         1000//1s    
.................... #define     TURNRIGHT_MIN_TIME      500 //0.5s 
....................  
.................... extern volatile int16 pickup_timeout; 
.................... extern volatile int16 drop_timeout; 
.................... //MOTOR state 
.................... typedef enum Motor_Direct { 
....................    M_FORWARD, 
....................    M_BACKWARD, 
....................    M_STOP, 
....................    M_TURNRIGHT 
.................... } MotorDirect_t; 
....................  
.................... //State machine 
....................  
.................... typedef enum FSM { 
....................    STATE_INITIALIZE, 
....................    STATE_LINE_FOLLOWING, 
....................    STATE_PICK_BALL, 
....................    STATE_REVERSE, 
....................    STATE_TURN_RIGHT, 
....................    STATE_DROP_BALL, 
....................    STATE_OUT_LINE, 
....................    STATE_CHECK_POINT, 
....................    STATE_RETURN_TO_START 
.................... }RobotState_t; 
....................  
....................  
.................... typedef struct { 
....................     RobotState_t current; 
.................... } State_t; 
....................  
.................... typedef struct { 
....................     int8 S0, S1, S2;      // IR 
....................     int8 PI_state; 
....................     int8 btn_checkpoint; 
....................     int8 ir_last_state; 
.................... } Input_t; 
....................  
.................... typedef struct { 
....................     int32 t_err;         
....................     int32 t_pickup;       
....................     int32 t_reverse;        
....................     int32 t_turnright; 
....................     int32 t_dropball;         
....................     int32 t_servo_pulse;    
....................     int32 t_pi; 
....................     int32 t_run; 
....................     int32 t_forward; 
.................... } Timing_t; 
....................  
.................... typedef struct { 
....................     int1 pick_ball; 
....................     int1 drop_ball; 
....................     int1 pick_turn_flag; 
....................     int1 drop_turn_flag; 
....................     int1 round; 
....................     int1 servo_done; 
....................     int1 forward_flag; 
.................... } Flags_t; 
....................  
.................... typedef struct { 
....................    State_t state; 
....................    Input_t input; 
....................    Timing_t time; 
....................    Flags_t flag; 
.................... } RobotContext_t; 
....................  
....................  
.................... typedef enum IR { 
....................    IR_LEFT, 
....................    IR_CENTER, 
....................    IR_RIGHT 
.................... }IR_t; 
....................  
.................... extern volatile RobotContext_t ctx; 
....................  
.................... //PWM variable 
.................... extern volatile int8 left_duty, right_duty; 
.................... extern volatile unsigned int16 servo_duty; 
.................... extern volatile int8 pwm_motor_count; 
.................... extern volatile unsigned int16 pwm_servo_count; 
....................  
.................... extern volatile int8  g_S0, g_S1, g_S2, g_PI; 
.................... extern volatile int8  g_button_checkpoint; 
....................  
.................... //Function Driver layer 
.................... void timer0_init (); 
.................... void timer1_init (); 
.................... void Interrupt_Init(void); 
.................... void Timer0_isr(); 
.................... void Timer1_isr(); 
.................... void Motor_Init(void); 
.................... void Motor_Direct(MotorDirect_t direct); 
.................... void Motor_SetLeftDuty(int8 duty); 
.................... void Motor_SetRightDuty(int8 duty); 
.................... void Servo_Init(); 
.................... void Servo_SetPulse(int16 pulse_us); 
.................... void GPIO_WritePin(int8 pin, int1 value); 
.................... void LED_Init(void); 
.................... void LED_Green_On(void); 
.................... void LED_Green_Off(void); 
.................... void LED_Red_Toggle(void); 
.................... void LED_Red_Off(void); 
.................... void LED_All_Off(void); 
.................... int1 PI_Sensor_Read(void); 
.................... int1 PI_Confirm(RobotContext_t *ctx); 
.................... void IR_Sensor_Read(int1 *s0, int1 *s1, int1 *s2); 
.................... int1 Button_Read(int8 pin); 
.................... void GPIO_Init(void); 
.................... int1 GPIO_ReadPin(int8 pin); 
.................... void Sensor_State_Update(); 
.................... void Motion_Forward(int8 left, int8 right); 
.................... void Motion_Backward(int8 left, int8 right); 
.................... void Motion_TurnRight(void); 
.................... void Motion_Stop(void); 
.................... void ServoService_Rotate(int8 angle); 
....................  
....................  
....................  
....................  
.................... //Function Application layer 
.................... void Function_Initialize(RobotContext_t *ctx); 
.................... void Function_LineFollow(RobotContext_t *ctx); 
.................... void Function_PickBall(RobotContext_t *ctx); 
.................... void Function_Reverse(RobotContext_t *ctx); 
.................... void Function_TurnRight(RobotContext_t *ctx); 
.................... void Function_DropBall(RobotContext_t *ctx); 
.................... void Function_OutLine(RobotContext_t *ctx); 
.................... void Function_Checkpoint(RobotContext_t *ctx); 
.................... void Function_ReturnToStart(RobotContext_t *ctx); 
.................... //void Reset_Flag(RobotContext_t *ctx); 
.................... void App_Init(void); 
.................... void FSM_Run(RobotContext_t *ctx); 
.................... void RobotContext_Init(RobotContext_t *ctx); 
....................  
....................  
.................... #endif 
....................  
....................  
....................  
.................... void Function_DropBall(RobotContext_t *ctx) 
.................... { 
....................   //printf("Drop ball\r\n"); 
....................    Motion_Stop(); 
*
00F32:  RCALL  0916
....................     if(ctx->flag.servo_done == 0) 
00F34:  MOVLW  2B
00F36:  ADDWF  x69,W
00F38:  MOVWF  FE9
00F3A:  MOVLW  00
00F3C:  ADDWFC x6A,W
00F3E:  MOVWF  FEA
00F40:  MOVFF  FEF,00
00F44:  SWAPF  00,F
00F46:  RRCF   00,W
00F48:  ANDLW  01
00F4A:  BNZ   0F62
....................     { 
....................         ServoService_Rotate(55); 
00F4C:  MOVLW  37
00F4E:  MOVWF  x6B
00F50:  RCALL  07EC
....................         ctx->flag.servo_done = 1; 
00F52:  MOVLW  2B
00F54:  ADDWF  x69,W
00F56:  MOVWF  FE9
00F58:  MOVLW  00
00F5A:  ADDWFC x6A,W
00F5C:  MOVWF  FEA
00F5E:  BSF    FEF.5
....................         return; 
00F60:  BRA    0FE0
....................     } 
....................  
....................     if(ctx->time.t_dropball > drop_timeout) 
00F62:  MOVLW  17
00F64:  ADDWF  x69,W
00F66:  MOVWF  FE9
00F68:  MOVLW  00
00F6A:  ADDWFC x6A,W
00F6C:  MOVWF  FEA
00F6E:  MOVFF  FEF,6B
00F72:  MOVFF  FEC,6C
00F76:  MOVFF  FEC,6D
00F7A:  MOVFF  FEC,6E
00F7E:  MOVF   x6E,F
00F80:  BNZ   0F94
00F82:  MOVF   x6D,F
00F84:  BNZ   0F94
00F86:  MOVF   2E,W
00F88:  SUBWF  x6C,W
00F8A:  BNC   0FE0
00F8C:  BNZ   0F94
00F8E:  MOVF   x6B,W
00F90:  SUBWF  2D,W
00F92:  BC    0FE0
....................     { 
....................         ServoService_Rotate(0); 
00F94:  CLRF   x6B
00F96:  RCALL  07EC
....................         ctx->flag.servo_done = 0; 
00F98:  MOVLW  2B
00F9A:  ADDWF  x69,W
00F9C:  MOVWF  FE9
00F9E:  MOVLW  00
00FA0:  ADDWFC x6A,W
00FA2:  MOVWF  FEA
00FA4:  BCF    FEF.5
....................         ctx->flag.drop_ball  = 1; 
00FA6:  MOVLW  2B
00FA8:  ADDWF  x69,W
00FAA:  MOVWF  FE9
00FAC:  MOVLW  00
00FAE:  ADDWFC x6A,W
00FB0:  MOVWF  FEA
00FB2:  BSF    FEF.1
....................         ctx->time.t_dropball = 0; 
00FB4:  MOVLW  17
00FB6:  ADDWF  x69,W
00FB8:  MOVWF  FE9
00FBA:  MOVLW  00
00FBC:  ADDWFC x6A,W
00FBE:  MOVWF  FEA
00FC0:  MOVF   FEE,F
00FC2:  MOVF   FEE,F
00FC4:  CLRF   FEC
00FC6:  MOVF   FED,F
00FC8:  CLRF   FEF
00FCA:  MOVF   FED,F
00FCC:  CLRF   FEF
00FCE:  MOVF   FED,F
00FD0:  CLRF   FEF
....................         ctx->state.current = STATE_REVERSE; 
00FD2:  MOVFF  69,FE9
00FD6:  MOVFF  6A,FEA
00FDA:  MOVLW  03
00FDC:  MOVWF  FEF
....................         LED_Green_Off(); 
00FDE:  BRA    0F24
....................     } 
00FE0:  GOTO   1440 (RETURN)
.................... } 
....................  
.................... #include "Application/state_out_line.c" 
.................... #include "main.h" 
.................... #ifndef MAIN_H 
.................... #define MAIN_H 
....................  
.................... #include <18F2685.h> 
.................... #device HIGH_INTS=TRUE 
.................... //#include <stdio.h> 
....................  
.................... #fuses INTRC_IO, NOWDT, NOLVP, NOBROWNOUT 
.................... #use delay(internal=32MHz)     //Fosc = 32MHz 
....................  
.................... //#use rs232(baud=9600, xmit=PIN_C6, rcv=PIN_C7) 
....................  
.................... //define GPIO PIN_OUT 
.................... #define     IR0_SENSOR        PIN_C1      //phai 
.................... #define     IR1_SENSOR        PIN_C2      //giua 
.................... #define     IR2_SENSOR        PIN_C4      //trai 
.................... #define     PI_SENSOR         PIN_A3 
.................... #define     BUTTON            PIN_C6 
.................... #define     MOTOR1            PIN_C7 
.................... #define     MOTOR2            PIN_B5 
.................... #define     SERVO             PIN_A2 
.................... #define     LED_RED           PIN_A0 
.................... #define     LED_GREEN         PIN_A1 
.................... #define     ANT2              PIN_B0 
.................... #define     ANT1              PIN_B1 
.................... #define     BNT2              PIN_B3 
.................... #define     BNT1              PIN_B4 
.................... #define     STBY              PIN_B2 
....................  
.................... #define     LINE_BLACK              1 
.................... #define     LINE_WHITE              0 
.................... #define     PI_BLOCKED              1 
.................... #define     PI_UNBLOCKED            0 
.................... #define     SERVO_PERIOD_TICK       400 
.................... #define     MOTOR_MAX_DUTY          10 
.................... #define     MOTOR_DUTY_FORWARD_3    6 
.................... #define     MOTOR_DUTY_FORWARD_2    2 
.................... #define     MOTOR_DUTY_FORWARD_1    1 
.................... #define     MOTOR_DUTY_BACKWARD     5 
.................... #define     MOTOR_DUTY_TURNRIGHT    4   
.................... #define     PI_CONFIRM_TIME         1000 //1s 
.................... #define     LINE_ERR_TIMEOUT        3000 //1s 
.................... #define     TIME_FORWARD_MAX        50   //0.2s 
.................... #define     TIME_RUN_MAX            3000 //10s 
.................... #define     REVERSE_TIMEOUT         1000//1s    
.................... #define     TURNRIGHT_MIN_TIME      500 //0.5s 
....................  
.................... extern volatile int16 pickup_timeout; 
.................... extern volatile int16 drop_timeout; 
.................... //MOTOR state 
.................... typedef enum Motor_Direct { 
....................    M_FORWARD, 
....................    M_BACKWARD, 
....................    M_STOP, 
....................    M_TURNRIGHT 
.................... } MotorDirect_t; 
....................  
.................... //State machine 
....................  
.................... typedef enum FSM { 
....................    STATE_INITIALIZE, 
....................    STATE_LINE_FOLLOWING, 
....................    STATE_PICK_BALL, 
....................    STATE_REVERSE, 
....................    STATE_TURN_RIGHT, 
....................    STATE_DROP_BALL, 
....................    STATE_OUT_LINE, 
....................    STATE_CHECK_POINT, 
....................    STATE_RETURN_TO_START 
.................... }RobotState_t; 
....................  
....................  
.................... typedef struct { 
....................     RobotState_t current; 
.................... } State_t; 
....................  
.................... typedef struct { 
....................     int8 S0, S1, S2;      // IR 
....................     int8 PI_state; 
....................     int8 btn_checkpoint; 
....................     int8 ir_last_state; 
.................... } Input_t; 
....................  
.................... typedef struct { 
....................     int32 t_err;         
....................     int32 t_pickup;       
....................     int32 t_reverse;        
....................     int32 t_turnright; 
....................     int32 t_dropball;         
....................     int32 t_servo_pulse;    
....................     int32 t_pi; 
....................     int32 t_run; 
....................     int32 t_forward; 
.................... } Timing_t; 
....................  
.................... typedef struct { 
....................     int1 pick_ball; 
....................     int1 drop_ball; 
....................     int1 pick_turn_flag; 
....................     int1 drop_turn_flag; 
....................     int1 round; 
....................     int1 servo_done; 
....................     int1 forward_flag; 
.................... } Flags_t; 
....................  
.................... typedef struct { 
....................    State_t state; 
....................    Input_t input; 
....................    Timing_t time; 
....................    Flags_t flag; 
.................... } RobotContext_t; 
....................  
....................  
.................... typedef enum IR { 
....................    IR_LEFT, 
....................    IR_CENTER, 
....................    IR_RIGHT 
.................... }IR_t; 
....................  
.................... extern volatile RobotContext_t ctx; 
....................  
.................... //PWM variable 
.................... extern volatile int8 left_duty, right_duty; 
.................... extern volatile unsigned int16 servo_duty; 
.................... extern volatile int8 pwm_motor_count; 
.................... extern volatile unsigned int16 pwm_servo_count; 
....................  
.................... extern volatile int8  g_S0, g_S1, g_S2, g_PI; 
.................... extern volatile int8  g_button_checkpoint; 
....................  
.................... //Function Driver layer 
.................... void timer0_init (); 
.................... void timer1_init (); 
.................... void Interrupt_Init(void); 
.................... void Timer0_isr(); 
.................... void Timer1_isr(); 
.................... void Motor_Init(void); 
.................... void Motor_Direct(MotorDirect_t direct); 
.................... void Motor_SetLeftDuty(int8 duty); 
.................... void Motor_SetRightDuty(int8 duty); 
.................... void Servo_Init(); 
.................... void Servo_SetPulse(int16 pulse_us); 
.................... void GPIO_WritePin(int8 pin, int1 value); 
.................... void LED_Init(void); 
.................... void LED_Green_On(void); 
.................... void LED_Green_Off(void); 
.................... void LED_Red_Toggle(void); 
.................... void LED_Red_Off(void); 
.................... void LED_All_Off(void); 
.................... int1 PI_Sensor_Read(void); 
.................... int1 PI_Confirm(RobotContext_t *ctx); 
.................... void IR_Sensor_Read(int1 *s0, int1 *s1, int1 *s2); 
.................... int1 Button_Read(int8 pin); 
.................... void GPIO_Init(void); 
.................... int1 GPIO_ReadPin(int8 pin); 
.................... void Sensor_State_Update(); 
.................... void Motion_Forward(int8 left, int8 right); 
.................... void Motion_Backward(int8 left, int8 right); 
.................... void Motion_TurnRight(void); 
.................... void Motion_Stop(void); 
.................... void ServoService_Rotate(int8 angle); 
....................  
....................  
....................  
....................  
.................... //Function Application layer 
.................... void Function_Initialize(RobotContext_t *ctx); 
.................... void Function_LineFollow(RobotContext_t *ctx); 
.................... void Function_PickBall(RobotContext_t *ctx); 
.................... void Function_Reverse(RobotContext_t *ctx); 
.................... void Function_TurnRight(RobotContext_t *ctx); 
.................... void Function_DropBall(RobotContext_t *ctx); 
.................... void Function_OutLine(RobotContext_t *ctx); 
.................... void Function_Checkpoint(RobotContext_t *ctx); 
.................... void Function_ReturnToStart(RobotContext_t *ctx); 
.................... //void Reset_Flag(RobotContext_t *ctx); 
.................... void App_Init(void); 
.................... void FSM_Run(RobotContext_t *ctx); 
.................... void RobotContext_Init(RobotContext_t *ctx); 
....................  
....................  
.................... #endif 
....................  
....................  
.................... void Function_OutLine(RobotContext_t *ctx) 
.................... { 
....................   //printf("OUT LINE\r\n"); 
....................     Motion_Stop(); 
00FE4:  RCALL  0916
....................     if(ctx->input.btn_checkpoint == 0) 
00FE6:  MOVLW  05
00FE8:  ADDWF  x69,W
00FEA:  MOVWF  FE9
00FEC:  MOVLW  00
00FEE:  ADDWFC x6A,W
00FF0:  MOVWF  FEA
00FF2:  MOVF   FEF,F
00FF4:  BNZ   1002
....................     { 
....................         ctx->state.current = STATE_CHECK_POINT; 
00FF6:  MOVFF  69,FE9
00FFA:  MOVFF  6A,FEA
00FFE:  MOVLW  07
01000:  MOVWF  FEF
....................     } 
01002:  RETURN 0
.................... } 
....................  
.................... #include "Application/state_checkpoint.c" 
.................... #include "main.h" 
.................... #ifndef MAIN_H 
.................... #define MAIN_H 
....................  
.................... #include <18F2685.h> 
.................... #device HIGH_INTS=TRUE 
.................... //#include <stdio.h> 
....................  
.................... #fuses INTRC_IO, NOWDT, NOLVP, NOBROWNOUT 
.................... #use delay(internal=32MHz)     //Fosc = 32MHz 
....................  
.................... //#use rs232(baud=9600, xmit=PIN_C6, rcv=PIN_C7) 
....................  
.................... //define GPIO PIN_OUT 
.................... #define     IR0_SENSOR        PIN_C1      //phai 
.................... #define     IR1_SENSOR        PIN_C2      //giua 
.................... #define     IR2_SENSOR        PIN_C4      //trai 
.................... #define     PI_SENSOR         PIN_A3 
.................... #define     BUTTON            PIN_C6 
.................... #define     MOTOR1            PIN_C7 
.................... #define     MOTOR2            PIN_B5 
.................... #define     SERVO             PIN_A2 
.................... #define     LED_RED           PIN_A0 
.................... #define     LED_GREEN         PIN_A1 
.................... #define     ANT2              PIN_B0 
.................... #define     ANT1              PIN_B1 
.................... #define     BNT2              PIN_B3 
.................... #define     BNT1              PIN_B4 
.................... #define     STBY              PIN_B2 
....................  
.................... #define     LINE_BLACK              1 
.................... #define     LINE_WHITE              0 
.................... #define     PI_BLOCKED              1 
.................... #define     PI_UNBLOCKED            0 
.................... #define     SERVO_PERIOD_TICK       400 
.................... #define     MOTOR_MAX_DUTY          10 
.................... #define     MOTOR_DUTY_FORWARD_3    6 
.................... #define     MOTOR_DUTY_FORWARD_2    2 
.................... #define     MOTOR_DUTY_FORWARD_1    1 
.................... #define     MOTOR_DUTY_BACKWARD     5 
.................... #define     MOTOR_DUTY_TURNRIGHT    4   
.................... #define     PI_CONFIRM_TIME         1000 //1s 
.................... #define     LINE_ERR_TIMEOUT        3000 //1s 
.................... #define     TIME_FORWARD_MAX        50   //0.2s 
.................... #define     TIME_RUN_MAX            3000 //10s 
.................... #define     REVERSE_TIMEOUT         1000//1s    
.................... #define     TURNRIGHT_MIN_TIME      500 //0.5s 
....................  
.................... extern volatile int16 pickup_timeout; 
.................... extern volatile int16 drop_timeout; 
.................... //MOTOR state 
.................... typedef enum Motor_Direct { 
....................    M_FORWARD, 
....................    M_BACKWARD, 
....................    M_STOP, 
....................    M_TURNRIGHT 
.................... } MotorDirect_t; 
....................  
.................... //State machine 
....................  
.................... typedef enum FSM { 
....................    STATE_INITIALIZE, 
....................    STATE_LINE_FOLLOWING, 
....................    STATE_PICK_BALL, 
....................    STATE_REVERSE, 
....................    STATE_TURN_RIGHT, 
....................    STATE_DROP_BALL, 
....................    STATE_OUT_LINE, 
....................    STATE_CHECK_POINT, 
....................    STATE_RETURN_TO_START 
.................... }RobotState_t; 
....................  
....................  
.................... typedef struct { 
....................     RobotState_t current; 
.................... } State_t; 
....................  
.................... typedef struct { 
....................     int8 S0, S1, S2;      // IR 
....................     int8 PI_state; 
....................     int8 btn_checkpoint; 
....................     int8 ir_last_state; 
.................... } Input_t; 
....................  
.................... typedef struct { 
....................     int32 t_err;         
....................     int32 t_pickup;       
....................     int32 t_reverse;        
....................     int32 t_turnright; 
....................     int32 t_dropball;         
....................     int32 t_servo_pulse;    
....................     int32 t_pi; 
....................     int32 t_run; 
....................     int32 t_forward; 
.................... } Timing_t; 
....................  
.................... typedef struct { 
....................     int1 pick_ball; 
....................     int1 drop_ball; 
....................     int1 pick_turn_flag; 
....................     int1 drop_turn_flag; 
....................     int1 round; 
....................     int1 servo_done; 
....................     int1 forward_flag; 
.................... } Flags_t; 
....................  
.................... typedef struct { 
....................    State_t state; 
....................    Input_t input; 
....................    Timing_t time; 
....................    Flags_t flag; 
.................... } RobotContext_t; 
....................  
....................  
.................... typedef enum IR { 
....................    IR_LEFT, 
....................    IR_CENTER, 
....................    IR_RIGHT 
.................... }IR_t; 
....................  
.................... extern volatile RobotContext_t ctx; 
....................  
.................... //PWM variable 
.................... extern volatile int8 left_duty, right_duty; 
.................... extern volatile unsigned int16 servo_duty; 
.................... extern volatile int8 pwm_motor_count; 
.................... extern volatile unsigned int16 pwm_servo_count; 
....................  
.................... extern volatile int8  g_S0, g_S1, g_S2, g_PI; 
.................... extern volatile int8  g_button_checkpoint; 
....................  
.................... //Function Driver layer 
.................... void timer0_init (); 
.................... void timer1_init (); 
.................... void Interrupt_Init(void); 
.................... void Timer0_isr(); 
.................... void Timer1_isr(); 
.................... void Motor_Init(void); 
.................... void Motor_Direct(MotorDirect_t direct); 
.................... void Motor_SetLeftDuty(int8 duty); 
.................... void Motor_SetRightDuty(int8 duty); 
.................... void Servo_Init(); 
.................... void Servo_SetPulse(int16 pulse_us); 
.................... void GPIO_WritePin(int8 pin, int1 value); 
.................... void LED_Init(void); 
.................... void LED_Green_On(void); 
.................... void LED_Green_Off(void); 
.................... void LED_Red_Toggle(void); 
.................... void LED_Red_Off(void); 
.................... void LED_All_Off(void); 
.................... int1 PI_Sensor_Read(void); 
.................... int1 PI_Confirm(RobotContext_t *ctx); 
.................... void IR_Sensor_Read(int1 *s0, int1 *s1, int1 *s2); 
.................... int1 Button_Read(int8 pin); 
.................... void GPIO_Init(void); 
.................... int1 GPIO_ReadPin(int8 pin); 
.................... void Sensor_State_Update(); 
.................... void Motion_Forward(int8 left, int8 right); 
.................... void Motion_Backward(int8 left, int8 right); 
.................... void Motion_TurnRight(void); 
.................... void Motion_Stop(void); 
.................... void ServoService_Rotate(int8 angle); 
....................  
....................  
....................  
....................  
.................... //Function Application layer 
.................... void Function_Initialize(RobotContext_t *ctx); 
.................... void Function_LineFollow(RobotContext_t *ctx); 
.................... void Function_PickBall(RobotContext_t *ctx); 
.................... void Function_Reverse(RobotContext_t *ctx); 
.................... void Function_TurnRight(RobotContext_t *ctx); 
.................... void Function_DropBall(RobotContext_t *ctx); 
.................... void Function_OutLine(RobotContext_t *ctx); 
.................... void Function_Checkpoint(RobotContext_t *ctx); 
.................... void Function_ReturnToStart(RobotContext_t *ctx); 
.................... //void Reset_Flag(RobotContext_t *ctx); 
.................... void App_Init(void); 
.................... void FSM_Run(RobotContext_t *ctx); 
.................... void RobotContext_Init(RobotContext_t *ctx); 
....................  
....................  
.................... #endif 
....................  
....................  
....................  
.................... void Function_Checkpoint(RobotContext_t *ctx) 
.................... { 
....................   //printf("Check point\r\n"); 
....................     if (ctx->flag.pick_ball)  
01004:  MOVLW  2B
01006:  ADDWF  x69,W
01008:  MOVWF  FE9
0100A:  MOVLW  00
0100C:  ADDWFC x6A,W
0100E:  MOVWF  FEA
01010:  BTFSS  FEF.0
01012:  BRA    10B6
....................     { 
....................       if (ctx->flag.pick_turn_flag) 
01014:  MOVLW  2B
01016:  ADDWF  x69,W
01018:  MOVWF  FE9
0101A:  MOVLW  00
0101C:  ADDWFC x6A,W
0101E:  MOVWF  FEA
01020:  BTFSS  FEF.2
01022:  BRA    10A4
....................       { 
....................          if (ctx->flag.drop_ball) 
01024:  MOVLW  2B
01026:  ADDWF  x69,W
01028:  MOVWF  FE9
0102A:  MOVLW  00
0102C:  ADDWFC x6A,W
0102E:  MOVWF  FEA
01030:  BTFSS  FEF.1
01032:  BRA    1096
....................          { 
....................             if (ctx->flag.drop_turn_flag) 
01034:  MOVLW  2B
01036:  ADDWF  x69,W
01038:  MOVWF  FE9
0103A:  MOVLW  00
0103C:  ADDWFC x6A,W
0103E:  MOVWF  FEA
01040:  BTFSS  FEF.3
01042:  BRA    1076
....................             { 
....................                if (ctx->flag.round == 0) 
01044:  MOVLW  2B
01046:  ADDWF  x69,W
01048:  MOVWF  FE9
0104A:  MOVLW  00
0104C:  ADDWFC x6A,W
0104E:  MOVWF  FEA
01050:  MOVFF  FEF,00
01054:  SWAPF  00,W
01056:  ANDLW  01
01058:  BNZ   1068
....................                { 
....................                   ctx->state.current = STATE_RETURN_TO_START; 
0105A:  MOVFF  69,FE9
0105E:  MOVFF  6A,FEA
01062:  MOVLW  08
01064:  MOVWF  FEF
....................                } else 
01066:  BRA    1074
....................                { 
....................                   ctx->state.current = STATE_LINE_FOLLOWING; 
01068:  MOVFF  69,FE9
0106C:  MOVFF  6A,FEA
01070:  MOVLW  01
01072:  MOVWF  FEF
....................                } 
....................             } else  
01074:  BRA    1094
....................             { 
....................                drop_timeout = 0; 
01076:  CLRF   2E
01078:  CLRF   2D
....................                ctx->flag.servo_done = 1; 
0107A:  MOVLW  2B
0107C:  ADDWF  x69,W
0107E:  MOVWF  FE9
01080:  MOVLW  00
01082:  ADDWFC x6A,W
01084:  MOVWF  FEA
01086:  BSF    FEF.5
....................                ctx->state.current = STATE_LINE_FOLLOWING; 
01088:  MOVFF  69,FE9
0108C:  MOVFF  6A,FEA
01090:  MOVLW  01
01092:  MOVWF  FEF
....................             } 
....................          } else 
01094:  BRA    10A2
....................          { 
....................             ctx->state.current = STATE_LINE_FOLLOWING; 
01096:  MOVFF  69,FE9
0109A:  MOVFF  6A,FEA
0109E:  MOVLW  01
010A0:  MOVWF  FEF
....................          } 
....................       } else  
010A2:  BRA    10B4
....................       { 
....................          pickup_timeout = 0; 
010A4:  CLRF   2C
010A6:  CLRF   2B
....................          ctx->state.current = STATE_LINE_FOLLOWING; 
010A8:  MOVFF  69,FE9
010AC:  MOVFF  6A,FEA
010B0:  MOVLW  01
010B2:  MOVWF  FEF
....................       } 
....................     } else 
010B4:  BRA    10C2
....................     { 
....................       ctx->state.current = STATE_LINE_FOLLOWING; 
010B6:  MOVFF  69,FE9
010BA:  MOVFF  6A,FEA
010BE:  MOVLW  01
010C0:  MOVWF  FEF
....................     } 
010C2:  GOTO   1440 (RETURN)
.................... } 
....................  
.................... #include "Application/state_return_to_start.c" 
.................... #include "main.h" 
.................... #ifndef MAIN_H 
.................... #define MAIN_H 
....................  
.................... #include <18F2685.h> 
.................... #device HIGH_INTS=TRUE 
.................... //#include <stdio.h> 
....................  
.................... #fuses INTRC_IO, NOWDT, NOLVP, NOBROWNOUT 
.................... #use delay(internal=32MHz)     //Fosc = 32MHz 
....................  
.................... //#use rs232(baud=9600, xmit=PIN_C6, rcv=PIN_C7) 
....................  
.................... //define GPIO PIN_OUT 
.................... #define     IR0_SENSOR        PIN_C1      //phai 
.................... #define     IR1_SENSOR        PIN_C2      //giua 
.................... #define     IR2_SENSOR        PIN_C4      //trai 
.................... #define     PI_SENSOR         PIN_A3 
.................... #define     BUTTON            PIN_C6 
.................... #define     MOTOR1            PIN_C7 
.................... #define     MOTOR2            PIN_B5 
.................... #define     SERVO             PIN_A2 
.................... #define     LED_RED           PIN_A0 
.................... #define     LED_GREEN         PIN_A1 
.................... #define     ANT2              PIN_B0 
.................... #define     ANT1              PIN_B1 
.................... #define     BNT2              PIN_B3 
.................... #define     BNT1              PIN_B4 
.................... #define     STBY              PIN_B2 
....................  
.................... #define     LINE_BLACK              1 
.................... #define     LINE_WHITE              0 
.................... #define     PI_BLOCKED              1 
.................... #define     PI_UNBLOCKED            0 
.................... #define     SERVO_PERIOD_TICK       400 
.................... #define     MOTOR_MAX_DUTY          10 
.................... #define     MOTOR_DUTY_FORWARD_3    6 
.................... #define     MOTOR_DUTY_FORWARD_2    2 
.................... #define     MOTOR_DUTY_FORWARD_1    1 
.................... #define     MOTOR_DUTY_BACKWARD     5 
.................... #define     MOTOR_DUTY_TURNRIGHT    4   
.................... #define     PI_CONFIRM_TIME         1000 //1s 
.................... #define     LINE_ERR_TIMEOUT        3000 //1s 
.................... #define     TIME_FORWARD_MAX        50   //0.2s 
.................... #define     TIME_RUN_MAX            3000 //10s 
.................... #define     REVERSE_TIMEOUT         1000//1s    
.................... #define     TURNRIGHT_MIN_TIME      500 //0.5s 
....................  
.................... extern volatile int16 pickup_timeout; 
.................... extern volatile int16 drop_timeout; 
.................... //MOTOR state 
.................... typedef enum Motor_Direct { 
....................    M_FORWARD, 
....................    M_BACKWARD, 
....................    M_STOP, 
....................    M_TURNRIGHT 
.................... } MotorDirect_t; 
....................  
.................... //State machine 
....................  
.................... typedef enum FSM { 
....................    STATE_INITIALIZE, 
....................    STATE_LINE_FOLLOWING, 
....................    STATE_PICK_BALL, 
....................    STATE_REVERSE, 
....................    STATE_TURN_RIGHT, 
....................    STATE_DROP_BALL, 
....................    STATE_OUT_LINE, 
....................    STATE_CHECK_POINT, 
....................    STATE_RETURN_TO_START 
.................... }RobotState_t; 
....................  
....................  
.................... typedef struct { 
....................     RobotState_t current; 
.................... } State_t; 
....................  
.................... typedef struct { 
....................     int8 S0, S1, S2;      // IR 
....................     int8 PI_state; 
....................     int8 btn_checkpoint; 
....................     int8 ir_last_state; 
.................... } Input_t; 
....................  
.................... typedef struct { 
....................     int32 t_err;         
....................     int32 t_pickup;       
....................     int32 t_reverse;        
....................     int32 t_turnright; 
....................     int32 t_dropball;         
....................     int32 t_servo_pulse;    
....................     int32 t_pi; 
....................     int32 t_run; 
....................     int32 t_forward; 
.................... } Timing_t; 
....................  
.................... typedef struct { 
....................     int1 pick_ball; 
....................     int1 drop_ball; 
....................     int1 pick_turn_flag; 
....................     int1 drop_turn_flag; 
....................     int1 round; 
....................     int1 servo_done; 
....................     int1 forward_flag; 
.................... } Flags_t; 
....................  
.................... typedef struct { 
....................    State_t state; 
....................    Input_t input; 
....................    Timing_t time; 
....................    Flags_t flag; 
.................... } RobotContext_t; 
....................  
....................  
.................... typedef enum IR { 
....................    IR_LEFT, 
....................    IR_CENTER, 
....................    IR_RIGHT 
.................... }IR_t; 
....................  
.................... extern volatile RobotContext_t ctx; 
....................  
.................... //PWM variable 
.................... extern volatile int8 left_duty, right_duty; 
.................... extern volatile unsigned int16 servo_duty; 
.................... extern volatile int8 pwm_motor_count; 
.................... extern volatile unsigned int16 pwm_servo_count; 
....................  
.................... extern volatile int8  g_S0, g_S1, g_S2, g_PI; 
.................... extern volatile int8  g_button_checkpoint; 
....................  
.................... //Function Driver layer 
.................... void timer0_init (); 
.................... void timer1_init (); 
.................... void Interrupt_Init(void); 
.................... void Timer0_isr(); 
.................... void Timer1_isr(); 
.................... void Motor_Init(void); 
.................... void Motor_Direct(MotorDirect_t direct); 
.................... void Motor_SetLeftDuty(int8 duty); 
.................... void Motor_SetRightDuty(int8 duty); 
.................... void Servo_Init(); 
.................... void Servo_SetPulse(int16 pulse_us); 
.................... void GPIO_WritePin(int8 pin, int1 value); 
.................... void LED_Init(void); 
.................... void LED_Green_On(void); 
.................... void LED_Green_Off(void); 
.................... void LED_Red_Toggle(void); 
.................... void LED_Red_Off(void); 
.................... void LED_All_Off(void); 
.................... int1 PI_Sensor_Read(void); 
.................... int1 PI_Confirm(RobotContext_t *ctx); 
.................... void IR_Sensor_Read(int1 *s0, int1 *s1, int1 *s2); 
.................... int1 Button_Read(int8 pin); 
.................... void GPIO_Init(void); 
.................... int1 GPIO_ReadPin(int8 pin); 
.................... void Sensor_State_Update(); 
.................... void Motion_Forward(int8 left, int8 right); 
.................... void Motion_Backward(int8 left, int8 right); 
.................... void Motion_TurnRight(void); 
.................... void Motion_Stop(void); 
.................... void ServoService_Rotate(int8 angle); 
....................  
....................  
....................  
....................  
.................... //Function Application layer 
.................... void Function_Initialize(RobotContext_t *ctx); 
.................... void Function_LineFollow(RobotContext_t *ctx); 
.................... void Function_PickBall(RobotContext_t *ctx); 
.................... void Function_Reverse(RobotContext_t *ctx); 
.................... void Function_TurnRight(RobotContext_t *ctx); 
.................... void Function_DropBall(RobotContext_t *ctx); 
.................... void Function_OutLine(RobotContext_t *ctx); 
.................... void Function_Checkpoint(RobotContext_t *ctx); 
.................... void Function_ReturnToStart(RobotContext_t *ctx); 
.................... //void Reset_Flag(RobotContext_t *ctx); 
.................... void App_Init(void); 
.................... void FSM_Run(RobotContext_t *ctx); 
.................... void RobotContext_Init(RobotContext_t *ctx); 
....................  
....................  
.................... #endif 
....................  
....................  
....................  
....................  
.................... void Function_ReturnToStart(RobotContext_t *ctx) 
.................... { 
....................   //printf("Return to start\r\n"); 
....................    int8 ir_current_state; 
....................    ir_current_state = (ctx->input.S2 << 2) | (ctx->input.S1 << 1) | (ctx->input.S0); 
010C6:  MOVLW  03
010C8:  ADDWF  x69,W
010CA:  MOVWF  FE9
010CC:  MOVLW  00
010CE:  ADDWFC x6A,W
010D0:  MOVWF  FEA
010D2:  RLCF   FEF,W
010D4:  MOVWF  x6C
010D6:  RLCF   x6C,F
010D8:  MOVLW  FC
010DA:  ANDWF  x6C,F
010DC:  MOVLW  02
010DE:  ADDWF  x69,W
010E0:  MOVWF  FE9
010E2:  MOVLW  00
010E4:  ADDWFC x6A,W
010E6:  MOVWF  FEA
010E8:  BCF    FD8.0
010EA:  RLCF   FEF,W
010EC:  IORWF  x6C,F
010EE:  MOVLW  01
010F0:  ADDWF  x69,W
010F2:  MOVWF  FE9
010F4:  MOVLW  00
010F6:  ADDWFC x6A,W
010F8:  MOVWF  FEA
010FA:  MOVF   FEF,W
010FC:  IORWF  x6C,W
010FE:  MOVWF  x6B
....................     
....................    if (ir_current_state == 0b111 || ctx->flag.forward_flag) 
01100:  MOVF   x6B,W
01102:  SUBLW  07
01104:  BZ    1116
01106:  MOVLW  2B
01108:  ADDWF  x69,W
0110A:  MOVWF  FE9
0110C:  MOVLW  00
0110E:  ADDWFC x6A,W
01110:  MOVWF  FEA
01112:  BTFSS  FEF.6
01114:  BRA    11C2
....................    { 
....................       ctx->flag.forward_flag = 1; 
01116:  MOVLW  2B
01118:  ADDWF  x69,W
0111A:  MOVWF  FE9
0111C:  MOVLW  00
0111E:  ADDWFC x6A,W
01120:  MOVWF  FEA
01122:  BSF    FEF.6
....................       if (ctx->time.t_forward < TIME_FORWARD_MAX) 
01124:  MOVLW  27
01126:  ADDWF  x69,W
01128:  MOVWF  FE9
0112A:  MOVLW  00
0112C:  ADDWFC x6A,W
0112E:  MOVWF  FEA
01130:  MOVFF  FEF,6C
01134:  MOVFF  FEC,6D
01138:  MOVFF  FEC,6E
0113C:  MOVFF  FEC,6F
01140:  MOVF   x6F,F
01142:  BNZ   115C
01144:  MOVF   x6E,F
01146:  BNZ   115C
01148:  MOVF   x6D,F
0114A:  BNZ   115C
0114C:  MOVF   x6C,W
0114E:  SUBLW  31
01150:  BNC   115C
....................       { 
....................          Motion_Forward(MOTOR_DUTY_FORWARD_2,MOTOR_DUTY_FORWARD_2); 
01152:  MOVLW  02
01154:  MOVWF  x6C
01156:  MOVWF  x6D
01158:  RCALL  09AA
....................          return; 
0115A:  BRA    1390
....................       } 
....................       ctx->flag.round = 1; 
0115C:  MOVLW  2B
0115E:  ADDWF  x69,W
01160:  MOVWF  FE9
01162:  MOVLW  00
01164:  ADDWFC x6A,W
01166:  MOVWF  FEA
01168:  BSF    FEF.4
....................       ctx->flag.forward_flag = 0; 
0116A:  MOVLW  2B
0116C:  ADDWF  x69,W
0116E:  MOVWF  FE9
01170:  MOVLW  00
01172:  ADDWFC x6A,W
01174:  MOVWF  FEA
01176:  BCF    FEF.6
....................       ctx->time.t_forward = 0; 
01178:  MOVLW  27
0117A:  ADDWF  x69,W
0117C:  MOVWF  FE9
0117E:  MOVLW  00
01180:  ADDWFC x6A,W
01182:  MOVWF  FEA
01184:  MOVF   FEE,F
01186:  MOVF   FEE,F
01188:  CLRF   FEC
0118A:  MOVF   FED,F
0118C:  CLRF   FEF
0118E:  MOVF   FED,F
01190:  CLRF   FEF
01192:  MOVF   FED,F
01194:  CLRF   FEF
....................       ctx->time.t_run = 0; 
01196:  MOVLW  23
01198:  ADDWF  x69,W
0119A:  MOVWF  FE9
0119C:  MOVLW  00
0119E:  ADDWFC x6A,W
011A0:  MOVWF  FEA
011A2:  MOVF   FEE,F
011A4:  MOVF   FEE,F
011A6:  CLRF   FEC
011A8:  MOVF   FED,F
011AA:  CLRF   FEF
011AC:  MOVF   FED,F
011AE:  CLRF   FEF
011B0:  MOVF   FED,F
011B2:  CLRF   FEF
....................       ctx->state.current = STATE_TURN_RIGHT; 
011B4:  MOVFF  69,FE9
011B8:  MOVFF  6A,FEA
011BC:  MOVLW  04
011BE:  MOVWF  FEF
....................       return; 
011C0:  BRA    1390
....................    } 
....................    if (ctx->time.t_run < TIME_RUN_MAX) 
011C2:  MOVLW  23
011C4:  ADDWF  x69,W
011C6:  MOVWF  FE9
011C8:  MOVLW  00
011CA:  ADDWFC x6A,W
011CC:  MOVWF  FEA
011CE:  MOVFF  FEF,6C
011D2:  MOVFF  FEC,6D
011D6:  MOVFF  FEC,6E
011DA:  MOVFF  FEC,6F
011DE:  MOVF   x6F,F
011E0:  BNZ   126C
011E2:  MOVF   x6E,F
011E4:  BNZ   126C
011E6:  MOVF   x6D,W
011E8:  SUBLW  0B
011EA:  BNC   126C
011EC:  BNZ   11F4
011EE:  MOVF   x6C,W
011F0:  SUBLW  B7
011F2:  BNC   126C
....................    { 
....................       if (ir_current_state == 0b000) 
011F4:  MOVF   x6B,F
011F6:  BNZ   126A
....................       { 
....................          if (ctx->time.t_err > LINE_ERR_TIMEOUT) 
011F8:  MOVLW  07
011FA:  ADDWF  x69,W
011FC:  MOVWF  FE9
011FE:  MOVLW  00
01200:  ADDWFC x6A,W
01202:  MOVWF  FEA
01204:  MOVFF  FEF,6C
01208:  MOVFF  FEC,6D
0120C:  MOVFF  FEC,6E
01210:  MOVFF  FEC,6F
01214:  MOVF   x6F,F
01216:  BNZ   122C
01218:  MOVF   x6E,F
0121A:  BNZ   122C
0121C:  MOVF   x6D,W
0121E:  SUBLW  0A
01220:  BC    125A
01222:  XORLW  FF
01224:  BNZ   122C
01226:  MOVF   x6C,W
01228:  SUBLW  B8
0122A:  BC    125A
....................          { 
....................             ctx->time.t_run = 0; 
0122C:  MOVLW  23
0122E:  ADDWF  x69,W
01230:  MOVWF  FE9
01232:  MOVLW  00
01234:  ADDWFC x6A,W
01236:  MOVWF  FEA
01238:  MOVF   FEE,F
0123A:  MOVF   FEE,F
0123C:  CLRF   FEC
0123E:  MOVF   FED,F
01240:  CLRF   FEF
01242:  MOVF   FED,F
01244:  CLRF   FEF
01246:  MOVF   FED,F
01248:  CLRF   FEF
....................             ctx->state.current = STATE_OUT_LINE; 
0124A:  MOVFF  69,FE9
0124E:  MOVFF  6A,FEA
01252:  MOVLW  06
01254:  MOVWF  FEF
....................             return; 
01256:  BRA    1390
....................          } else 
01258:  BRA    126A
....................          { 
....................             ir_current_state = ctx->input.ir_last_state; 
0125A:  MOVLW  06
0125C:  ADDWF  x69,W
0125E:  MOVWF  FE9
01260:  MOVLW  00
01262:  ADDWFC x6A,W
01264:  MOVWF  FEA
01266:  MOVFF  FEF,6B
....................          } 
....................       } 
....................    } else  
0126A:  BRA    12EA
....................    { 
....................       if (ir_current_state == 0b000) 
0126C:  MOVF   x6B,F
0126E:  BNZ   12EA
....................       { 
....................          if (ctx->time.t_err > 100) //100ms 
01270:  MOVLW  07
01272:  ADDWF  x69,W
01274:  MOVWF  FE9
01276:  MOVLW  00
01278:  ADDWFC x6A,W
0127A:  MOVWF  FEA
0127C:  MOVFF  FEF,6C
01280:  MOVFF  FEC,6D
01284:  MOVFF  FEC,6E
01288:  MOVFF  FEC,6F
0128C:  MOVF   x6F,F
0128E:  BNZ   129E
01290:  MOVF   x6E,F
01292:  BNZ   129E
01294:  MOVF   x6D,F
01296:  BNZ   129E
01298:  MOVF   x6C,W
0129A:  SUBLW  64
0129C:  BC    12DA
....................          { 
....................             ctx->flag.round = 1; 
0129E:  MOVLW  2B
012A0:  ADDWF  x69,W
012A2:  MOVWF  FE9
012A4:  MOVLW  00
012A6:  ADDWFC x6A,W
012A8:  MOVWF  FEA
012AA:  BSF    FEF.4
....................             ctx->time.t_run = 0; 
012AC:  MOVLW  23
012AE:  ADDWF  x69,W
012B0:  MOVWF  FE9
012B2:  MOVLW  00
012B4:  ADDWFC x6A,W
012B6:  MOVWF  FEA
012B8:  MOVF   FEE,F
012BA:  MOVF   FEE,F
012BC:  CLRF   FEC
012BE:  MOVF   FED,F
012C0:  CLRF   FEF
012C2:  MOVF   FED,F
012C4:  CLRF   FEF
012C6:  MOVF   FED,F
012C8:  CLRF   FEF
....................             ctx->state.current = STATE_TURN_RIGHT; 
012CA:  MOVFF  69,FE9
012CE:  MOVFF  6A,FEA
012D2:  MOVLW  04
012D4:  MOVWF  FEF
....................             return; 
012D6:  BRA    1390
....................          } else 
012D8:  BRA    12EA
....................          { 
....................             ir_current_state = ctx->input.ir_last_state; 
012DA:  MOVLW  06
012DC:  ADDWF  x69,W
012DE:  MOVWF  FE9
012E0:  MOVLW  00
012E2:  ADDWFC x6A,W
012E4:  MOVWF  FEA
012E6:  MOVFF  FEF,6B
....................          } 
....................       } 
....................    } 
....................    switch (ir_current_state) 
012EA:  MOVF   x6B,W
012EC:  XORLW  02
012EE:  BZ    12FE
012F0:  XORLW  04
012F2:  BZ    131A
012F4:  XORLW  02
012F6:  BZ    1338
012F8:  XORLW  07
012FA:  BZ    1356
012FC:  BRA    1374
....................    { 
....................       case 0b010: 
....................          Motion_Forward(MOTOR_DUTY_FORWARD_3,MOTOR_DUTY_FORWARD_3); 
012FE:  MOVLW  06
01300:  MOVWF  x6C
01302:  MOVWF  x6D
01304:  CALL   09AA
....................          ctx->input.ir_last_state = 0b010; 
01308:  MOVLW  06
0130A:  ADDWF  x69,W
0130C:  MOVWF  FE9
0130E:  MOVLW  00
01310:  ADDWFC x6A,W
01312:  MOVWF  FEA
01314:  MOVLW  02
01316:  MOVWF  FEF
....................          break; 
01318:  BRA    1390
....................       case 0b110: 
....................          Motion_Forward(MOTOR_DUTY_FORWARD_2,MOTOR_DUTY_FORWARD_3); 
0131A:  MOVLW  02
0131C:  MOVWF  x6C
0131E:  MOVLW  06
01320:  MOVWF  x6D
01322:  CALL   09AA
....................          ctx->input.ir_last_state = 0b110; 
01326:  MOVLW  06
01328:  ADDWF  x69,W
0132A:  MOVWF  FE9
0132C:  MOVLW  00
0132E:  ADDWFC x6A,W
01330:  MOVWF  FEA
01332:  MOVLW  06
01334:  MOVWF  FEF
....................          break; 
01336:  BRA    1390
....................       case 0b100: 
....................          Motion_Forward(MOTOR_DUTY_FORWARD_1,MOTOR_DUTY_FORWARD_3); 
01338:  MOVLW  01
0133A:  MOVWF  x6C
0133C:  MOVLW  06
0133E:  MOVWF  x6D
01340:  CALL   09AA
....................          ctx->input.ir_last_state = 0b100; 
01344:  MOVLW  06
01346:  ADDWF  x69,W
01348:  MOVWF  FE9
0134A:  MOVLW  00
0134C:  ADDWFC x6A,W
0134E:  MOVWF  FEA
01350:  MOVLW  04
01352:  MOVWF  FEF
....................          break; 
01354:  BRA    1390
....................       case 0b011: 
....................          Motion_Forward(MOTOR_DUTY_FORWARD_3,MOTOR_DUTY_FORWARD_2); 
01356:  MOVLW  06
01358:  MOVWF  x6C
0135A:  MOVLW  02
0135C:  MOVWF  x6D
0135E:  CALL   09AA
....................          ctx->input.ir_last_state = 0b011; 
01362:  MOVLW  06
01364:  ADDWF  x69,W
01366:  MOVWF  FE9
01368:  MOVLW  00
0136A:  ADDWFC x6A,W
0136C:  MOVWF  FEA
0136E:  MOVLW  03
01370:  MOVWF  FEF
....................          break; 
01372:  BRA    1390
....................       default: 
....................          Motion_Forward(MOTOR_DUTY_FORWARD_3,MOTOR_DUTY_FORWARD_1); 
01374:  MOVLW  06
01376:  MOVWF  x6C
01378:  MOVLW  01
0137A:  MOVWF  x6D
0137C:  CALL   09AA
....................          ctx->input.ir_last_state = 0b001; 
01380:  MOVLW  06
01382:  ADDWF  x69,W
01384:  MOVWF  FE9
01386:  MOVLW  00
01388:  ADDWFC x6A,W
0138A:  MOVWF  FEA
0138C:  MOVLW  01
0138E:  MOVWF  FEF
....................          break; 
....................    } 
01390:  GOTO   1440 (RETURN)
.................... } 
....................  
.................... #include "Application/fsm.c" 
.................... #include "main.h" 
.................... #ifndef MAIN_H 
.................... #define MAIN_H 
....................  
.................... #include <18F2685.h> 
.................... #device HIGH_INTS=TRUE 
.................... //#include <stdio.h> 
....................  
.................... #fuses INTRC_IO, NOWDT, NOLVP, NOBROWNOUT 
.................... #use delay(internal=32MHz)     //Fosc = 32MHz 
....................  
.................... //#use rs232(baud=9600, xmit=PIN_C6, rcv=PIN_C7) 
....................  
.................... //define GPIO PIN_OUT 
.................... #define     IR0_SENSOR        PIN_C1      //phai 
.................... #define     IR1_SENSOR        PIN_C2      //giua 
.................... #define     IR2_SENSOR        PIN_C4      //trai 
.................... #define     PI_SENSOR         PIN_A3 
.................... #define     BUTTON            PIN_C6 
.................... #define     MOTOR1            PIN_C7 
.................... #define     MOTOR2            PIN_B5 
.................... #define     SERVO             PIN_A2 
.................... #define     LED_RED           PIN_A0 
.................... #define     LED_GREEN         PIN_A1 
.................... #define     ANT2              PIN_B0 
.................... #define     ANT1              PIN_B1 
.................... #define     BNT2              PIN_B3 
.................... #define     BNT1              PIN_B4 
.................... #define     STBY              PIN_B2 
....................  
.................... #define     LINE_BLACK              1 
.................... #define     LINE_WHITE              0 
.................... #define     PI_BLOCKED              1 
.................... #define     PI_UNBLOCKED            0 
.................... #define     SERVO_PERIOD_TICK       400 
.................... #define     MOTOR_MAX_DUTY          10 
.................... #define     MOTOR_DUTY_FORWARD_3    6 
.................... #define     MOTOR_DUTY_FORWARD_2    2 
.................... #define     MOTOR_DUTY_FORWARD_1    1 
.................... #define     MOTOR_DUTY_BACKWARD     5 
.................... #define     MOTOR_DUTY_TURNRIGHT    4   
.................... #define     PI_CONFIRM_TIME         1000 //1s 
.................... #define     LINE_ERR_TIMEOUT        3000 //1s 
.................... #define     TIME_FORWARD_MAX        50   //0.2s 
.................... #define     TIME_RUN_MAX            3000 //10s 
.................... #define     REVERSE_TIMEOUT         1000//1s    
.................... #define     TURNRIGHT_MIN_TIME      500 //0.5s 
....................  
.................... extern volatile int16 pickup_timeout; 
.................... extern volatile int16 drop_timeout; 
.................... //MOTOR state 
.................... typedef enum Motor_Direct { 
....................    M_FORWARD, 
....................    M_BACKWARD, 
....................    M_STOP, 
....................    M_TURNRIGHT 
.................... } MotorDirect_t; 
....................  
.................... //State machine 
....................  
.................... typedef enum FSM { 
....................    STATE_INITIALIZE, 
....................    STATE_LINE_FOLLOWING, 
....................    STATE_PICK_BALL, 
....................    STATE_REVERSE, 
....................    STATE_TURN_RIGHT, 
....................    STATE_DROP_BALL, 
....................    STATE_OUT_LINE, 
....................    STATE_CHECK_POINT, 
....................    STATE_RETURN_TO_START 
.................... }RobotState_t; 
....................  
....................  
.................... typedef struct { 
....................     RobotState_t current; 
.................... } State_t; 
....................  
.................... typedef struct { 
....................     int8 S0, S1, S2;      // IR 
....................     int8 PI_state; 
....................     int8 btn_checkpoint; 
....................     int8 ir_last_state; 
.................... } Input_t; 
....................  
.................... typedef struct { 
....................     int32 t_err;         
....................     int32 t_pickup;       
....................     int32 t_reverse;        
....................     int32 t_turnright; 
....................     int32 t_dropball;         
....................     int32 t_servo_pulse;    
....................     int32 t_pi; 
....................     int32 t_run; 
....................     int32 t_forward; 
.................... } Timing_t; 
....................  
.................... typedef struct { 
....................     int1 pick_ball; 
....................     int1 drop_ball; 
....................     int1 pick_turn_flag; 
....................     int1 drop_turn_flag; 
....................     int1 round; 
....................     int1 servo_done; 
....................     int1 forward_flag; 
.................... } Flags_t; 
....................  
.................... typedef struct { 
....................    State_t state; 
....................    Input_t input; 
....................    Timing_t time; 
....................    Flags_t flag; 
.................... } RobotContext_t; 
....................  
....................  
.................... typedef enum IR { 
....................    IR_LEFT, 
....................    IR_CENTER, 
....................    IR_RIGHT 
.................... }IR_t; 
....................  
.................... extern volatile RobotContext_t ctx; 
....................  
.................... //PWM variable 
.................... extern volatile int8 left_duty, right_duty; 
.................... extern volatile unsigned int16 servo_duty; 
.................... extern volatile int8 pwm_motor_count; 
.................... extern volatile unsigned int16 pwm_servo_count; 
....................  
.................... extern volatile int8  g_S0, g_S1, g_S2, g_PI; 
.................... extern volatile int8  g_button_checkpoint; 
....................  
.................... //Function Driver layer 
.................... void timer0_init (); 
.................... void timer1_init (); 
.................... void Interrupt_Init(void); 
.................... void Timer0_isr(); 
.................... void Timer1_isr(); 
.................... void Motor_Init(void); 
.................... void Motor_Direct(MotorDirect_t direct); 
.................... void Motor_SetLeftDuty(int8 duty); 
.................... void Motor_SetRightDuty(int8 duty); 
.................... void Servo_Init(); 
.................... void Servo_SetPulse(int16 pulse_us); 
.................... void GPIO_WritePin(int8 pin, int1 value); 
.................... void LED_Init(void); 
.................... void LED_Green_On(void); 
.................... void LED_Green_Off(void); 
.................... void LED_Red_Toggle(void); 
.................... void LED_Red_Off(void); 
.................... void LED_All_Off(void); 
.................... int1 PI_Sensor_Read(void); 
.................... int1 PI_Confirm(RobotContext_t *ctx); 
.................... void IR_Sensor_Read(int1 *s0, int1 *s1, int1 *s2); 
.................... int1 Button_Read(int8 pin); 
.................... void GPIO_Init(void); 
.................... int1 GPIO_ReadPin(int8 pin); 
.................... void Sensor_State_Update(); 
.................... void Motion_Forward(int8 left, int8 right); 
.................... void Motion_Backward(int8 left, int8 right); 
.................... void Motion_TurnRight(void); 
.................... void Motion_Stop(void); 
.................... void ServoService_Rotate(int8 angle); 
....................  
....................  
....................  
....................  
.................... //Function Application layer 
.................... void Function_Initialize(RobotContext_t *ctx); 
.................... void Function_LineFollow(RobotContext_t *ctx); 
.................... void Function_PickBall(RobotContext_t *ctx); 
.................... void Function_Reverse(RobotContext_t *ctx); 
.................... void Function_TurnRight(RobotContext_t *ctx); 
.................... void Function_DropBall(RobotContext_t *ctx); 
.................... void Function_OutLine(RobotContext_t *ctx); 
.................... void Function_Checkpoint(RobotContext_t *ctx); 
.................... void Function_ReturnToStart(RobotContext_t *ctx); 
.................... //void Reset_Flag(RobotContext_t *ctx); 
.................... void App_Init(void); 
.................... void FSM_Run(RobotContext_t *ctx); 
.................... void RobotContext_Init(RobotContext_t *ctx); 
....................  
....................  
.................... #endif 
....................  
....................  
....................  
.................... void FSM_Run(RobotContext_t *ctx) 
.................... { 
....................     switch(ctx->state.current) 
01394:  MOVF   x67,W
01396:  MOVWF  FE9
01398:  MOVFF  68,FEA
0139C:  MOVF   FEF,W
0139E:  BZ    13C2
013A0:  XORLW  01
013A2:  BZ    13D0
013A4:  XORLW  03
013A6:  BZ    13DE
013A8:  XORLW  01
013AA:  BZ    13EC
013AC:  XORLW  07
013AE:  BZ    13FA
013B0:  XORLW  01
013B2:  BZ    1406
013B4:  XORLW  03
013B6:  BZ    1412
013B8:  XORLW  01
013BA:  BZ    141E
013BC:  XORLW  0F
013BE:  BZ    142A
013C0:  BRA    1436
....................     { 
....................         case STATE_INITIALIZE:      Function_Initialize(ctx);     break; 
013C2:  MOVFF  68,6A
013C6:  MOVFF  67,69
013CA:  GOTO   093E
013CE:  BRA    1440
....................         case STATE_LINE_FOLLOWING:  Function_LineFollow(ctx);     break; 
013D0:  MOVFF  68,6A
013D4:  MOVFF  67,69
013D8:  GOTO   09C0
013DC:  BRA    1440
....................         case STATE_PICK_BALL:       Function_PickBall(ctx);       break; 
013DE:  MOVFF  68,6A
013E2:  MOVFF  67,69
013E6:  GOTO   0B22
013EA:  BRA    1440
....................         case STATE_REVERSE:         Function_Reverse(ctx);        break; 
013EC:  MOVFF  68,6A
013F0:  MOVFF  67,69
013F4:  GOTO   0BB8
013F8:  BRA    1440
....................         case STATE_TURN_RIGHT:      Function_TurnRight(ctx);      break; 
013FA:  MOVFF  68,6A
013FE:  MOVFF  67,69
01402:  BRA    0C96
01404:  BRA    1440
....................         case STATE_DROP_BALL:       Function_DropBall(ctx);       break; 
01406:  MOVFF  68,6A
0140A:  MOVFF  67,69
0140E:  BRA    0F32
01410:  BRA    1440
....................         case STATE_OUT_LINE:        Function_OutLine(ctx);         break; 
01412:  MOVFF  68,6A
01416:  MOVFF  67,69
0141A:  RCALL  0FE4
0141C:  BRA    1440
....................         case STATE_CHECK_POINT:     Function_Checkpoint(ctx);     break; 
0141E:  MOVFF  68,6A
01422:  MOVFF  67,69
01426:  BRA    1004
01428:  BRA    1440
....................         case STATE_RETURN_TO_START: Function_ReturnToStart(ctx);  break; 
0142A:  MOVFF  68,6A
0142E:  MOVFF  67,69
01432:  BRA    10C6
01434:  BRA    1440
....................  
....................         default: 
....................             Function_OutLine(ctx); 
01436:  MOVFF  68,6A
0143A:  MOVFF  67,69
0143E:  RCALL  0FE4
....................             break; 
....................     } 
01440:  GOTO   14AA (RETURN)
.................... } 
....................  
.................... #include "Application/app.c" 
.................... #include "main.h" 
.................... #ifndef MAIN_H 
.................... #define MAIN_H 
....................  
.................... #include <18F2685.h> 
.................... #device HIGH_INTS=TRUE 
.................... //#include <stdio.h> 
....................  
.................... #fuses INTRC_IO, NOWDT, NOLVP, NOBROWNOUT 
.................... #use delay(internal=32MHz)     //Fosc = 32MHz 
....................  
.................... //#use rs232(baud=9600, xmit=PIN_C6, rcv=PIN_C7) 
....................  
.................... //define GPIO PIN_OUT 
.................... #define     IR0_SENSOR        PIN_C1      //phai 
.................... #define     IR1_SENSOR        PIN_C2      //giua 
.................... #define     IR2_SENSOR        PIN_C4      //trai 
.................... #define     PI_SENSOR         PIN_A3 
.................... #define     BUTTON            PIN_C6 
.................... #define     MOTOR1            PIN_C7 
.................... #define     MOTOR2            PIN_B5 
.................... #define     SERVO             PIN_A2 
.................... #define     LED_RED           PIN_A0 
.................... #define     LED_GREEN         PIN_A1 
.................... #define     ANT2              PIN_B0 
.................... #define     ANT1              PIN_B1 
.................... #define     BNT2              PIN_B3 
.................... #define     BNT1              PIN_B4 
.................... #define     STBY              PIN_B2 
....................  
.................... #define     LINE_BLACK              1 
.................... #define     LINE_WHITE              0 
.................... #define     PI_BLOCKED              1 
.................... #define     PI_UNBLOCKED            0 
.................... #define     SERVO_PERIOD_TICK       400 
.................... #define     MOTOR_MAX_DUTY          10 
.................... #define     MOTOR_DUTY_FORWARD_3    6 
.................... #define     MOTOR_DUTY_FORWARD_2    2 
.................... #define     MOTOR_DUTY_FORWARD_1    1 
.................... #define     MOTOR_DUTY_BACKWARD     5 
.................... #define     MOTOR_DUTY_TURNRIGHT    4   
.................... #define     PI_CONFIRM_TIME         1000 //1s 
.................... #define     LINE_ERR_TIMEOUT        3000 //1s 
.................... #define     TIME_FORWARD_MAX        50   //0.2s 
.................... #define     TIME_RUN_MAX            3000 //10s 
.................... #define     REVERSE_TIMEOUT         1000//1s    
.................... #define     TURNRIGHT_MIN_TIME      500 //0.5s 
....................  
.................... extern volatile int16 pickup_timeout; 
.................... extern volatile int16 drop_timeout; 
.................... //MOTOR state 
.................... typedef enum Motor_Direct { 
....................    M_FORWARD, 
....................    M_BACKWARD, 
....................    M_STOP, 
....................    M_TURNRIGHT 
.................... } MotorDirect_t; 
....................  
.................... //State machine 
....................  
.................... typedef enum FSM { 
....................    STATE_INITIALIZE, 
....................    STATE_LINE_FOLLOWING, 
....................    STATE_PICK_BALL, 
....................    STATE_REVERSE, 
....................    STATE_TURN_RIGHT, 
....................    STATE_DROP_BALL, 
....................    STATE_OUT_LINE, 
....................    STATE_CHECK_POINT, 
....................    STATE_RETURN_TO_START 
.................... }RobotState_t; 
....................  
....................  
.................... typedef struct { 
....................     RobotState_t current; 
.................... } State_t; 
....................  
.................... typedef struct { 
....................     int8 S0, S1, S2;      // IR 
....................     int8 PI_state; 
....................     int8 btn_checkpoint; 
....................     int8 ir_last_state; 
.................... } Input_t; 
....................  
.................... typedef struct { 
....................     int32 t_err;         
....................     int32 t_pickup;       
....................     int32 t_reverse;        
....................     int32 t_turnright; 
....................     int32 t_dropball;         
....................     int32 t_servo_pulse;    
....................     int32 t_pi; 
....................     int32 t_run; 
....................     int32 t_forward; 
.................... } Timing_t; 
....................  
.................... typedef struct { 
....................     int1 pick_ball; 
....................     int1 drop_ball; 
....................     int1 pick_turn_flag; 
....................     int1 drop_turn_flag; 
....................     int1 round; 
....................     int1 servo_done; 
....................     int1 forward_flag; 
.................... } Flags_t; 
....................  
.................... typedef struct { 
....................    State_t state; 
....................    Input_t input; 
....................    Timing_t time; 
....................    Flags_t flag; 
.................... } RobotContext_t; 
....................  
....................  
.................... typedef enum IR { 
....................    IR_LEFT, 
....................    IR_CENTER, 
....................    IR_RIGHT 
.................... }IR_t; 
....................  
.................... extern volatile RobotContext_t ctx; 
....................  
.................... //PWM variable 
.................... extern volatile int8 left_duty, right_duty; 
.................... extern volatile unsigned int16 servo_duty; 
.................... extern volatile int8 pwm_motor_count; 
.................... extern volatile unsigned int16 pwm_servo_count; 
....................  
.................... extern volatile int8  g_S0, g_S1, g_S2, g_PI; 
.................... extern volatile int8  g_button_checkpoint; 
....................  
.................... //Function Driver layer 
.................... void timer0_init (); 
.................... void timer1_init (); 
.................... void Interrupt_Init(void); 
.................... void Timer0_isr(); 
.................... void Timer1_isr(); 
.................... void Motor_Init(void); 
.................... void Motor_Direct(MotorDirect_t direct); 
.................... void Motor_SetLeftDuty(int8 duty); 
.................... void Motor_SetRightDuty(int8 duty); 
.................... void Servo_Init(); 
.................... void Servo_SetPulse(int16 pulse_us); 
.................... void GPIO_WritePin(int8 pin, int1 value); 
.................... void LED_Init(void); 
.................... void LED_Green_On(void); 
.................... void LED_Green_Off(void); 
.................... void LED_Red_Toggle(void); 
.................... void LED_Red_Off(void); 
.................... void LED_All_Off(void); 
.................... int1 PI_Sensor_Read(void); 
.................... int1 PI_Confirm(RobotContext_t *ctx); 
.................... void IR_Sensor_Read(int1 *s0, int1 *s1, int1 *s2); 
.................... int1 Button_Read(int8 pin); 
.................... void GPIO_Init(void); 
.................... int1 GPIO_ReadPin(int8 pin); 
.................... void Sensor_State_Update(); 
.................... void Motion_Forward(int8 left, int8 right); 
.................... void Motion_Backward(int8 left, int8 right); 
.................... void Motion_TurnRight(void); 
.................... void Motion_Stop(void); 
.................... void ServoService_Rotate(int8 angle); 
....................  
....................  
....................  
....................  
.................... //Function Application layer 
.................... void Function_Initialize(RobotContext_t *ctx); 
.................... void Function_LineFollow(RobotContext_t *ctx); 
.................... void Function_PickBall(RobotContext_t *ctx); 
.................... void Function_Reverse(RobotContext_t *ctx); 
.................... void Function_TurnRight(RobotContext_t *ctx); 
.................... void Function_DropBall(RobotContext_t *ctx); 
.................... void Function_OutLine(RobotContext_t *ctx); 
.................... void Function_Checkpoint(RobotContext_t *ctx); 
.................... void Function_ReturnToStart(RobotContext_t *ctx); 
.................... //void Reset_Flag(RobotContext_t *ctx); 
.................... void App_Init(void); 
.................... void FSM_Run(RobotContext_t *ctx); 
.................... void RobotContext_Init(RobotContext_t *ctx); 
....................  
....................  
.................... #endif 
....................  
....................  
.................... void App_Init(void) 
.................... { 
....................     GPIO_Init(); 
*
00864:  BRA    03C2
....................     Motor_Init(); 
00866:  BRA    03DC
....................     Servo_Init(); 
00868:  BRA    044C
....................     LED_Init(); 
0086A:  BRA    045C
....................     RobotContext_Init(&ctx); 
0086C:  CLRF   x68
0086E:  MOVLW  2F
00870:  MOVWF  x67
00872:  BRA    046E
....................     timer0_init(); 
00874:  BRA    0640
....................     timer1_init(); 
00876:  BRA    0652
....................     Interrupt_Init(); 
00878:  BRA    0662
....................     ServoService_Rotate(0); 
0087A:  CLRF   x6B
0087C:  RCALL  07EC
0087E:  GOTO   149E (RETURN)
.................... } 
....................  
.................... void RobotContext_Init(RobotContext_t *ctx) 
.................... { 
....................     // ---- State ---- 
....................     ctx->state.current = STATE_INITIALIZE; 
*
0046E:  MOVF   x67,W
00470:  MOVWF  FE9
00472:  MOVFF  68,FEA
00476:  CLRF   FEF
....................  
....................     // ---- Flags ---- 
....................     ctx->flag.pick_ball  = 0; 
00478:  MOVLW  2B
0047A:  ADDWF  x67,W
0047C:  MOVWF  FE9
0047E:  MOVLW  00
00480:  ADDWFC x68,W
00482:  MOVWF  FEA
00484:  BCF    FEF.0
....................     ctx->flag.pick_turn_flag = 0; 
00486:  MOVLW  2B
00488:  ADDWF  x67,W
0048A:  MOVWF  FE9
0048C:  MOVLW  00
0048E:  ADDWFC x68,W
00490:  MOVWF  FEA
00492:  BCF    FEF.2
....................     ctx->flag.drop_ball  = 0; 
00494:  MOVLW  2B
00496:  ADDWF  x67,W
00498:  MOVWF  FE9
0049A:  MOVLW  00
0049C:  ADDWFC x68,W
0049E:  MOVWF  FEA
004A0:  BCF    FEF.1
....................     ctx->flag.drop_turn_flag = 0; 
004A2:  MOVLW  2B
004A4:  ADDWF  x67,W
004A6:  MOVWF  FE9
004A8:  MOVLW  00
004AA:  ADDWFC x68,W
004AC:  MOVWF  FEA
004AE:  BCF    FEF.3
....................     ctx->flag.round = 0; 
004B0:  MOVLW  2B
004B2:  ADDWF  x67,W
004B4:  MOVWF  FE9
004B6:  MOVLW  00
004B8:  ADDWFC x68,W
004BA:  MOVWF  FEA
004BC:  BCF    FEF.4
....................     ctx->flag.servo_done = 0; 
004BE:  MOVLW  2B
004C0:  ADDWF  x67,W
004C2:  MOVWF  FE9
004C4:  MOVLW  00
004C6:  ADDWFC x68,W
004C8:  MOVWF  FEA
004CA:  BCF    FEF.5
....................     ctx->flag.forward_flag = 0; 
004CC:  MOVLW  2B
004CE:  ADDWF  x67,W
004D0:  MOVWF  FE9
004D2:  MOVLW  00
004D4:  ADDWFC x68,W
004D6:  MOVWF  FEA
004D8:  BCF    FEF.6
....................  
....................     // ---- Input (snapshot cam bien) ---- 
....................     ctx->input.S0 = 0; 
004DA:  MOVLW  01
004DC:  ADDWF  x67,W
004DE:  MOVWF  FE9
004E0:  MOVLW  00
004E2:  ADDWFC x68,W
004E4:  MOVWF  FEA
004E6:  CLRF   FEF
....................     ctx->input.S1 = 0; 
004E8:  MOVLW  02
004EA:  ADDWF  x67,W
004EC:  MOVWF  FE9
004EE:  MOVLW  00
004F0:  ADDWFC x68,W
004F2:  MOVWF  FEA
004F4:  CLRF   FEF
....................     ctx->input.S2 = 0; 
004F6:  MOVLW  03
004F8:  ADDWF  x67,W
004FA:  MOVWF  FE9
004FC:  MOVLW  00
004FE:  ADDWFC x68,W
00500:  MOVWF  FEA
00502:  CLRF   FEF
....................     ctx->input.PI_state       = 0; 
00504:  MOVLW  04
00506:  ADDWF  x67,W
00508:  MOVWF  FE9
0050A:  MOVLW  00
0050C:  ADDWFC x68,W
0050E:  MOVWF  FEA
00510:  CLRF   FEF
....................     ctx->input.btn_checkpoint = 0; 
00512:  MOVLW  05
00514:  ADDWF  x67,W
00516:  MOVWF  FE9
00518:  MOVLW  00
0051A:  ADDWFC x68,W
0051C:  MOVWF  FEA
0051E:  CLRF   FEF
....................     ctx->input.ir_last_state  = 0; 
00520:  MOVLW  06
00522:  ADDWF  x67,W
00524:  MOVWF  FE9
00526:  MOVLW  00
00528:  ADDWFC x68,W
0052A:  MOVWF  FEA
0052C:  CLRF   FEF
....................  
....................     // ---- Timing ---- 
....................     ctx->time.t_dropball      = 0; 
0052E:  MOVLW  17
00530:  ADDWF  x67,W
00532:  MOVWF  FE9
00534:  MOVLW  00
00536:  ADDWFC x68,W
00538:  MOVWF  FEA
0053A:  MOVF   FEE,F
0053C:  MOVF   FEE,F
0053E:  CLRF   FEC
00540:  MOVF   FED,F
00542:  CLRF   FEF
00544:  MOVF   FED,F
00546:  CLRF   FEF
00548:  MOVF   FED,F
0054A:  CLRF   FEF
....................     ctx->time.t_err           = 0; 
0054C:  MOVLW  07
0054E:  ADDWF  x67,W
00550:  MOVWF  FE9
00552:  MOVLW  00
00554:  ADDWFC x68,W
00556:  MOVWF  FEA
00558:  MOVF   FEE,F
0055A:  MOVF   FEE,F
0055C:  CLRF   FEC
0055E:  MOVF   FED,F
00560:  CLRF   FEF
00562:  MOVF   FED,F
00564:  CLRF   FEF
00566:  MOVF   FED,F
00568:  CLRF   FEF
....................     ctx->time.t_forward       = 0; 
0056A:  MOVLW  27
0056C:  ADDWF  x67,W
0056E:  MOVWF  FE9
00570:  MOVLW  00
00572:  ADDWFC x68,W
00574:  MOVWF  FEA
00576:  MOVF   FEE,F
00578:  MOVF   FEE,F
0057A:  CLRF   FEC
0057C:  MOVF   FED,F
0057E:  CLRF   FEF
00580:  MOVF   FED,F
00582:  CLRF   FEF
00584:  MOVF   FED,F
00586:  CLRF   FEF
....................     ctx->time.t_pi            = 0; 
00588:  MOVLW  1F
0058A:  ADDWF  x67,W
0058C:  MOVWF  FE9
0058E:  MOVLW  00
00590:  ADDWFC x68,W
00592:  MOVWF  FEA
00594:  MOVF   FEE,F
00596:  MOVF   FEE,F
00598:  CLRF   FEC
0059A:  MOVF   FED,F
0059C:  CLRF   FEF
0059E:  MOVF   FED,F
005A0:  CLRF   FEF
005A2:  MOVF   FED,F
005A4:  CLRF   FEF
....................     ctx->time.t_pickup        = 0; 
005A6:  MOVLW  0B
005A8:  ADDWF  x67,W
005AA:  MOVWF  FE9
005AC:  MOVLW  00
005AE:  ADDWFC x68,W
005B0:  MOVWF  FEA
005B2:  MOVF   FEE,F
005B4:  MOVF   FEE,F
005B6:  CLRF   FEC
005B8:  MOVF   FED,F
005BA:  CLRF   FEF
005BC:  MOVF   FED,F
005BE:  CLRF   FEF
005C0:  MOVF   FED,F
005C2:  CLRF   FEF
....................     ctx->time.t_reverse       = 0; 
005C4:  MOVLW  0F
005C6:  ADDWF  x67,W
005C8:  MOVWF  FE9
005CA:  MOVLW  00
005CC:  ADDWFC x68,W
005CE:  MOVWF  FEA
005D0:  MOVF   FEE,F
005D2:  MOVF   FEE,F
005D4:  CLRF   FEC
005D6:  MOVF   FED,F
005D8:  CLRF   FEF
005DA:  MOVF   FED,F
005DC:  CLRF   FEF
005DE:  MOVF   FED,F
005E0:  CLRF   FEF
....................     ctx->time.t_run           = 0; 
005E2:  MOVLW  23
005E4:  ADDWF  x67,W
005E6:  MOVWF  FE9
005E8:  MOVLW  00
005EA:  ADDWFC x68,W
005EC:  MOVWF  FEA
005EE:  MOVF   FEE,F
005F0:  MOVF   FEE,F
005F2:  CLRF   FEC
005F4:  MOVF   FED,F
005F6:  CLRF   FEF
005F8:  MOVF   FED,F
005FA:  CLRF   FEF
005FC:  MOVF   FED,F
005FE:  CLRF   FEF
....................     ctx->time.t_servo_pulse   = 0; 
00600:  MOVLW  1B
00602:  ADDWF  x67,W
00604:  MOVWF  FE9
00606:  MOVLW  00
00608:  ADDWFC x68,W
0060A:  MOVWF  FEA
0060C:  MOVF   FEE,F
0060E:  MOVF   FEE,F
00610:  CLRF   FEC
00612:  MOVF   FED,F
00614:  CLRF   FEF
00616:  MOVF   FED,F
00618:  CLRF   FEF
0061A:  MOVF   FED,F
0061C:  CLRF   FEF
....................     ctx->time.t_turnright     = 0; 
0061E:  MOVLW  13
00620:  ADDWF  x67,W
00622:  MOVWF  FE9
00624:  MOVLW  00
00626:  ADDWFC x68,W
00628:  MOVWF  FEA
0062A:  MOVF   FEE,F
0062C:  MOVF   FEE,F
0062E:  CLRF   FEC
00630:  MOVF   FED,F
00632:  CLRF   FEF
00634:  MOVF   FED,F
00636:  CLRF   FEF
00638:  MOVF   FED,F
0063A:  CLRF   FEF
0063C:  GOTO   0874 (RETURN)
.................... } 
....................  
....................  
....................  
.................... void main() 
*
01444:  CLRF   FF8
01446:  BCF    FF1.2
01448:  BSF    F9F.0
0144A:  BSF    FD0.7
0144C:  BSF    07.7
0144E:  MOVLW  70
01450:  MOVWF  FD3
01452:  MOVLW  40
01454:  MOVWF  F9B
01456:  MOVF   FD3,W
01458:  MOVLW  01
0145A:  MOVWF  x62
0145C:  MOVLW  01
0145E:  MOVWF  x63
01460:  MOVLW  01
01462:  MOVWF  x64
01464:  MOVLW  01
01466:  MOVWF  x65
01468:  CLRF   x66
0146A:  CLRF   5F
0146C:  CLRF   x61
0146E:  CLRF   x60
01470:  CLRF   5B
01472:  CLRF   5C
01474:  CLRF   5E
01476:  CLRF   5D
01478:  MOVLW  0B
0147A:  MOVWF  2C
0147C:  MOVLW  B8
0147E:  MOVWF  2B
01480:  MOVLW  0B
01482:  MOVWF  2E
01484:  MOVLW  B8
01486:  MOVWF  2D
01488:  MOVF   FC1,W
0148A:  ANDLW  C0
0148C:  IORLW  0F
0148E:  MOVWF  FC1
.................... { 
....................    setup_oscillator(OSC_8MHZ | OSC_PLL_ON); 
01490:  MOVLW  70
01492:  MOVWF  FD3
01494:  MOVLW  40
01496:  MOVWF  F9B
01498:  MOVF   FD3,W
....................    App_Init(); 
0149A:  GOTO   0864
....................    while(TRUE) 
....................    { 
....................    //printf("S0 = %d S1 = %d S2 = %d\r\n",g_S0,g_S1,g_S2); 
....................    //printf("left_duty = %d right_duty = %d",left_duty,right_duty); 
....................    Sensor_State_Update(); 
0149E:  GOTO   0882
....................    FSM_Run(&ctx); 
014A2:  CLRF   x68
014A4:  MOVLW  2F
014A6:  MOVWF  x67
014A8:  BRA    1394
014AA:  BRA    149E
....................    } 
....................   
.................... } 
014AC:  SLEEP 

Configuration Fuses:
   Word  1: C800   INTRC_IO FCMEN IESO
   Word  2: 1E18   PUT NOBROWNOUT BORV21 NOWDT WDT32768
   Word  3: 8600   PBADEN LPT1OSC MCLR
   Word  4: 00B1   STVREN NOLVP NOXINST NODEBUG
   Word  5: C03F   NOPROTECT NOCPB NOCPD
   Word  6: E03F   NOWRT NOWRTC NOWRTB NOWRTD
   Word  7: 403F   NOEBTR NOEBTRB
